날짜,연,월,일,가격(원),전국,전국_신선과실,전국_사과,total_rainfall,한화
2000-08-30,2000,8,30,6666.666666666667,63.277,45.815,39.667,0.0,42019.50000000001
2000-08-31,2000,8,31,6666.666666666667,63.277,45.815,39.667,31.195,42572.8
2000-09-01,2000,9,1,6666.666666666667,64.098,45.629,39.667,1.125,42174.0
2000-09-02,2000,9,2,7833.333333333334,64.098,45.629,39.667,0.2666666666666666,
2000-09-04,2000,9,4,6500.0,64.098,45.629,39.667,0.5,
2000-09-05,2000,9,5,6500.0,64.098,45.629,39.667,0.25,43026.2
2000-09-06,2000,9,6,6000.0,64.098,45.629,39.667,0.0,42964.1
2000-09-07,2000,9,7,6000.0,64.098,45.629,39.667,3.6,44542.536
2000-09-08,2000,9,8,6000.0,64.098,45.629,39.667,23.686666666666667,45069.165
2000-09-09,2000,9,9,6000.0,64.098,45.629,39.667,5.7631578947368425,
2000-09-10,2000,9,10,4416.666666666666,64.098,45.629,39.667,0.7,
2000-09-11,2000,9,11,4416.666666666666,64.098,45.629,39.667,5.945,42873.6
2000-09-19,2000,9,19,2666.6666666666665,64.098,45.629,39.667,0.5636363636363636,46176.375
2000-09-20,2000,9,20,2666.6666666666665,64.098,45.629,39.667,0.4954545454545455,45799.425
2001-08-28,2001,8,28,3100.0,66.245,56.142,48.029,0.0666666666666666,35070.45
2001-08-29,2001,8,29,3100.0,66.245,56.142,48.029,0.2333333333333333,36027.420000000006
2001-08-30,2001,8,30,3100.0,66.245,56.142,48.029,8.36875,35706.93
2001-08-31,2001,8,31,3100.0,66.245,56.142,48.029,5.634722222222223,34899.975
2001-09-01,2001,9,1,3100.0,66.182,55.351,48.029,2.9006944444444445,
2001-09-03,2001,9,3,3033.3333333333335,66.182,55.351,48.029,1.5714285714285714,
2001-09-04,2001,9,4,3166.6666666666665,66.182,55.351,48.029,0.0,35421.529
2001-09-05,2001,9,5,3166.6666666666665,66.182,55.351,48.029,0.3,34928.21
2001-09-06,2001,9,6,3166.6666666666665,66.182,55.351,48.029,0.4909090909090909,35234.545000000006
2001-09-07,2001,9,7,3166.6666666666665,66.182,55.351,48.029,1.1,36018.164000000004
2001-09-08,2001,9,8,3166.6666666666665,66.182,55.351,48.029,2.625,
2001-09-10,2001,9,10,3266.6666666666665,66.182,55.351,48.029,12.84,36539.035
2001-09-11,2001,9,11,3266.6666666666665,66.182,55.351,48.029,0.3833333333333333,
2001-09-12,2001,9,12,3400.0,66.182,55.351,48.029,0.175,
2001-09-13,2001,9,13,3433.3333333333335,66.182,55.351,48.029,1.9,
2001-09-14,2001,9,14,3333.3333333333335,66.182,55.351,48.029,20.2,39423.7
2001-09-15,2001,9,15,3433.3333333333335,66.182,55.351,48.029,17.744,
2001-09-17,2001,9,17,3666.6666666666665,66.182,55.351,48.029,12.832,36996.59
2001-09-18,2001,9,18,3600.0,66.182,55.351,48.029,10.376,37782.72
2001-09-19,2001,9,19,3600.0,66.182,55.351,48.029,7.92,36269.836
2001-09-20,2001,9,20,3700.0,66.182,55.351,48.029,3.223076923076923,35261.501
2001-09-21,2001,9,21,3566.6666666666665,66.182,55.351,48.029,1.23,35496.6
2001-09-22,2001,9,22,3566.6666666666665,66.182,55.351,48.029,0.8200000000000001,
2001-09-24,2001,9,24,3333.3333333333335,66.182,55.351,48.029,0.0,34068.86
2001-09-25,2001,9,25,3500.0,66.182,55.351,48.029,0.26,29514.874999999996
2001-09-26,2001,9,26,3100.0,66.182,55.351,48.029,0.13,29162.418000000005
2001-09-27,2001,9,27,3000.0,66.182,55.351,48.029,0.0,30102.105
2001-09-28,2001,9,28,3000.0,66.182,55.351,48.029,1.1,30102.376
2001-09-29,2001,9,29,2866.6666666666665,66.182,55.351,48.029,17.2775,
2001-09-30,2001,9,30,2866.6666666666665,66.182,55.351,48.029,33.455,
2002-08-23,2002,8,23,4166.666666666667,67.824,63.026,70.813,2.725,35326.825000000004
2002-08-24,2002,8,24,4166.666666666667,67.824,63.026,70.813,0.0,
2002-08-26,2002,8,26,4166.666666666667,67.824,63.026,70.813,0.8818181818181817,34760.159999999996
2002-08-27,2002,8,27,4166.666666666667,67.824,63.026,70.813,9.77777777777778,35538.75
2002-08-28,2002,8,28,3666.6666666666665,67.824,63.026,70.813,8.966666666666667,35235.835
2002-08-29,2002,8,29,3833.3333333333335,67.824,63.026,70.813,0.9363636363636364,34483.735
2002-08-30,2002,8,30,3833.3333333333335,67.824,63.026,70.813,10.05,35004.875
2002-08-31,2002,8,31,3833.3333333333335,67.824,63.026,70.813,157.4047619047619,
2002-09-02,2002,9,2,4500.0,68.204,62.653,70.813,0.0,
2002-09-03,2002,9,3,4500.0,68.204,62.653,70.813,0.0,34814.5
2002-09-04,2002,9,4,4833.333333333333,68.204,62.653,70.813,0.0,33514.74
2002-09-05,2002,9,5,4500.0,68.204,62.653,70.813,15.357142857142858,34022.17
2002-09-06,2002,9,6,4233.333333333333,68.204,62.653,70.813,9.966666666666669,34855.515
2002-09-07,2002,9,7,4266.666666666667,68.204,62.653,70.813,6.644444444444446,
2002-09-09,2002,9,9,4266.666666666667,68.204,62.653,70.813,0.0,35424.86
2002-09-10,2002,9,10,4233.333333333333,68.204,62.653,70.813,0.9,35810.450000000004
2002-09-11,2002,9,11,4166.666666666667,68.204,62.653,70.813,0.0,35627.592000000004
2002-09-12,2002,9,12,4266.666666666667,68.204,62.653,70.813,1.053846153846154,35744.839
2002-09-13,2002,9,13,4000.0,68.204,62.653,70.813,2.505,34658.94
2002-09-14,2002,9,14,4000.0,68.204,62.653,70.813,0.3636363636363636,
2002-09-16,2002,9,16,3933.3333333333335,68.204,62.653,70.813,40.47619047619048,35624.325000000004
2002-09-17,2002,9,17,3900.0,68.204,62.653,70.813,0.5,35404.56
2002-09-18,2002,9,18,3866.6666666666665,68.204,62.653,70.813,0.3333333333333333,34588.665
2002-09-19,2002,9,19,3366.6666666666665,68.204,62.653,70.813,0.1666666666666666,34964.754
2002-09-20,2002,9,20,3366.6666666666665,68.204,62.653,70.813,0.0,35090.25
2002-09-24,2002,9,24,2700.0,68.204,62.653,70.813,0.05,36737.715
2002-09-25,2002,9,25,2466.6666666666665,68.204,62.653,70.813,0.0,36514.19
2002-09-26,2002,9,26,1966.6666666666667,68.204,62.653,70.813,0.44,36546.72
2002-09-27,2002,9,27,1800.0,68.204,62.653,70.813,0.8800000000000001,35829.81
2002-09-28,2002,9,28,1766.6666666666667,68.204,62.653,70.813,11.085714285714284,
2003-08-18,2003,8,18,7166.666666666667,69.845,58.885,49.046,58.642857142857146,37055.385
2003-08-19,2003,8,19,7166.666666666667,69.845,58.885,49.046,50.30952380952381,36372.975
2003-08-20,2003,8,20,7166.666666666667,69.845,58.885,49.046,14.6,36368.025
2003-08-21,2003,8,21,7166.666666666667,69.845,58.885,49.046,13.0125,36958.2
2003-08-22,2003,8,22,7166.666666666667,69.845,58.885,49.046,0.0,38148.3
2003-08-23,2003,8,23,6833.333333333333,69.845,58.885,49.046,2.583333333333333,
2003-08-25,2003,8,25,6333.333333333333,69.845,58.885,49.046,23.714285714285715,38427.014
2003-08-26,2003,8,26,6333.333333333333,69.845,58.885,49.046,0.5055555555555555,37941.75
2003-08-27,2003,8,27,6666.666666666667,69.845,58.885,49.046,34.333333333333336,38341.5975
2003-08-28,2003,8,28,5500.0,69.845,58.885,49.046,4.0,37602.4815
2003-08-29,2003,8,29,5666.666666666667,69.845,58.885,49.046,0.3538461538461538,37960.15
2003-08-30,2003,8,30,6500.0,69.845,58.885,49.046,16.928571428571427,
2003-09-01,2003,9,1,7650.0,70.477,61.769,49.046,0.6833333333333332,
2003-09-02,2003,9,2,7933.333333333334,70.477,61.769,49.046,16.238095238095237,37451.544
2003-09-03,2003,9,3,6850.0,70.477,61.769,49.046,7.1571428571428575,35178.75
2003-09-04,2003,9,4,6700.0,70.477,61.769,49.046,0.0,35192.75
2003-09-05,2003,9,5,6433.333333333334,70.477,61.769,49.046,4.116666666666666,34505.840000000004
2003-09-06,2003,9,6,6716.666666666666,70.477,61.769,49.046,5.285714285714286,
2003-09-08,2003,9,8,6150.0,70.477,61.769,49.046,8.56111111111111,34415.128
2003-09-09,2003,9,9,5766.666666666666,70.477,61.769,49.046,31.452380952380956,34254.255000000005
2003-09-10,2003,9,10,5766.666666666666,70.477,61.769,49.046,0.14375,34645.799999999996
2003-09-15,2003,9,15,4100.0,70.477,61.769,49.046,0.0,33543.99
2003-09-16,2003,9,16,4366.666666666667,70.477,61.769,49.046,2.1507936507936507,33331.83
2003-09-17,2003,9,17,4233.333333333333,70.477,61.769,49.046,4.301587301587301,32768.84
2003-09-18,2003,9,18,3666.6666666666665,70.477,61.769,49.046,6.4523809523809526,32140.29
2003-09-19,2003,9,19,3233.3333333333335,70.477,61.769,49.046,4.128571428571429,32299.314
2003-09-20,2003,9,20,3000.0,70.477,61.769,49.046,0.6,
2003-09-22,2003,9,22,3000.0,70.477,61.769,49.046,0.08,32215.664999999997
2003-09-23,2003,9,23,2800.0,70.477,61.769,49.046,0.0,32430.675
2003-09-24,2003,9,24,2933.3333333333335,70.477,61.769,49.046,1.5,32457.824999999997
2003-09-25,2003,9,25,3000.0,70.477,61.769,49.046,0.29,33873.88
2003-09-26,2003,9,26,2900.0,70.477,61.769,49.046,1.1175,33876.515
2003-09-27,2003,9,27,3266.6666666666665,70.477,61.769,49.046,1.945,
2003-09-29,2003,9,29,3000.0,70.477,61.769,49.046,3.6,33896.471999999994
2003-09-30,2003,9,30,2933.3333333333335,70.477,61.769,49.046,1.875,33943.899
2003-10-01,2003,10,1,2900.0,70.539,69.956,53.813,0.15,34912.955
2003-10-02,2003,10,2,2900.0,70.539,69.956,53.813,0.075,35194.975
2003-10-03,2003,10,3,2700.0,70.539,69.956,53.813,0.0,35606.570999999996
2004-08-17,2004,8,17,3733.3333333333335,73.191,74.607,75.893,10.045,51529.95
2004-08-18,2004,8,18,5250.0,73.191,74.607,75.893,123.11904761904762,52418.4375
2004-08-19,2004,8,19,5000.0,73.191,74.607,75.893,55.023809523809526,52809.455
2004-08-20,2004,8,20,4833.333333333334,73.191,74.607,75.893,1.6157894736842104,54507.53
2004-08-21,2004,8,21,5083.333333333334,73.191,74.607,75.893,0.5375,
2004-08-23,2004,8,23,5916.666666666666,73.191,74.607,75.893,51.785714285714285,52029.315
2004-08-24,2004,8,24,6000.0,73.191,74.607,75.893,0.35625,50876.0
2004-08-25,2004,8,25,6250.0,73.191,74.607,75.893,1.34,49958.02
2004-08-26,2004,8,26,7983.333333333334,73.191,74.607,75.893,2.855555555555556,48133.47
2004-08-27,2004,8,27,5966.666666666666,73.191,74.607,75.893,0.0,47936.175
2004-08-28,2004,8,28,5083.333333333334,73.191,74.607,75.893,0.4688888888888889,
2004-08-30,2004,8,30,4116.666666666667,73.191,74.607,75.893,1.4066666666666667,48104.417
2004-08-31,2004,8,31,4483.333333333333,73.191,74.607,75.893,1.5,46538.375
2004-09-01,2004,9,1,4866.666666666667,73.191,74.002,75.893,0.45,46047.285
2004-09-02,2004,9,2,5183.333333333333,73.191,74.002,75.893,0.0,47877.34
2004-09-03,2004,9,3,4750.0,73.191,74.002,75.893,0.0,47485.425
2004-09-04,2004,9,4,4805.555555555556,73.191,74.002,75.893,0.0,
2004-09-06,2004,9,6,4861.11111111111,73.191,74.002,75.893,16.895238095238096,
2004-09-07,2004,9,7,4505.555555555556,73.191,74.002,75.893,40.785714285714285,46903.105
2004-09-08,2004,9,8,4416.666666666667,73.191,74.002,75.893,5.0625,45856.42
2004-09-09,2004,9,9,3894.444444444445,73.191,74.002,75.893,0.1777777777777777,45486.085
2004-09-10,2004,9,10,4227.777777777777,73.191,74.002,75.893,2.3142857142857145,47383.37999999999
2004-09-11,2004,9,11,4394.444444444444,73.191,74.002,75.893,32.95238095238095,
2004-09-13,2004,9,13,4083.3333333333335,73.191,74.002,75.893,4.21578947368421,45972.26700000001
2004-09-14,2004,9,14,4027.777777777778,73.191,74.002,75.893,0.3444444444444444,46274.7
2004-09-15,2004,9,15,4433.333333333333,73.191,74.002,75.893,1.518181818181818,46533.124
2004-09-16,2004,9,16,4911.11111111111,73.191,74.002,75.893,22.166666666666668,45753.75
2004-09-17,2004,9,17,5877.777777777777,73.191,74.002,75.893,6.3052631578947365,46166.49
2004-09-18,2004,9,18,6011.11111111111,73.191,74.002,75.893,21.38095238095238,
2004-09-20,2004,9,20,5733.333333333333,73.191,74.002,75.893,34.023809523809526,47678.022
2004-09-21,2004,9,21,5700.0,73.191,74.002,75.893,1.1307692307692307,48482.1
2004-09-22,2004,9,22,6427.777777777777,73.191,74.002,75.893,0.0,48596.625
2004-09-23,2004,9,23,5338.888888888889,73.191,74.002,75.893,0.5,50380.7
2004-09-24,2004,9,24,6150.0,73.191,74.002,75.893,0.25,50553.472
2004-09-25,2004,9,25,5333.333333333334,73.191,74.002,75.893,0.0,
2004-09-26,2004,9,26,5333.333333333334,73.191,74.002,75.893,0.4444444444444444,
2004-09-27,2004,9,27,5333.333333333334,73.191,74.002,75.893,2.65,51689.625
2004-10-01,2004,10,1,5333.333333333334,73.191,79.956,85.781,0.075,52682.932
2004-10-02,2004,10,2,5333.333333333334,73.191,79.956,85.781,13.5,
2005-08-18,2005,8,18,5333.333333333333,74.636,77.289,101.401,7.136842105263158,66629.49299999999
2005-08-19,2005,8,19,4833.333333333333,74.636,77.289,101.401,19.08095238095238,66408.02999999998
2005-08-20,2005,8,20,7666.666666666667,74.636,77.289,101.401,46.42857142857143,
2005-08-22,2005,8,22,5500.0,74.636,77.289,101.401,10.095238095238097,68781.18000000001
2005-08-23,2005,8,23,6833.333333333333,74.636,77.289,101.401,1.0,69352.646
2005-08-24,2005,8,24,6500.0,74.636,77.289,101.401,22.59523809523809,69309.765
2005-08-25,2005,8,25,7000.0,74.636,77.289,101.401,23.69047619047619,70746.795
2005-08-26,2005,8,26,5766.666666666667,74.636,77.289,101.401,0.4599999999999999,70682.625
2005-08-27,2005,8,27,6666.666666666667,74.636,77.289,101.401,0.2299999999999999,
2005-08-29,2005,8,29,6000.0,74.636,77.289,101.401,0.0133333333333333,71326.84999999999
2005-08-30,2005,8,30,4766.666666666667,74.636,77.289,101.401,0.0266666666666666,70372.34
2005-08-31,2005,8,31,5000.0,74.636,77.289,101.401,0.0,72922.875
2005-09-01,2005,9,1,5166.666666666667,75.008,77.523,101.401,1.323076923076923,71575.625
2005-09-02,2005,9,2,4000.0,75.008,77.523,101.401,4.18,72273.16000000002
2005-09-03,2005,9,3,4000.0,75.008,77.523,101.401,2.833333333333333,
2005-09-05,2005,9,5,4533.333333333333,75.008,77.523,101.401,2.011111111111111,
2005-09-06,2005,9,6,4600.0,75.008,77.523,101.401,56.23809523809524,69497.09999999999
2005-09-07,2005,9,7,4500.0,75.008,77.523,101.401,20.5,69154.415
2005-09-08,2005,9,8,4400.0,75.008,77.523,101.401,17.369047619047617,67436.45999999999
2005-09-09,2005,9,9,5450.0,75.008,77.523,101.401,14.238095238095235,67651.287
2005-09-10,2005,9,10,6400.0,75.008,77.523,101.401,4.172222222222222,
2005-09-12,2005,9,12,6000.0,75.008,77.523,101.401,0.0,67235.615
2005-09-13,2005,9,13,5916.666666666666,75.008,77.523,101.401,6.704761904761905,66196.936
2005-09-14,2005,9,14,6133.333333333333,75.008,77.523,101.401,4.28125,65556.819
2005-09-15,2005,9,15,4583.333333333333,75.008,77.523,101.401,0.25,67476.36499999999
2005-09-16,2005,9,16,4883.333333333333,75.008,77.523,101.401,0.125,66841.56999999999
2005-09-17,2005,9,17,4883.333333333333,75.008,77.523,101.401,0.0,
2005-09-21,2005,9,21,3133.333333333333,75.008,77.523,101.401,21.261904761904763,68478.102
2005-09-22,2005,9,22,2700.0,75.008,77.523,101.401,15.185714285714283,69457.15
2005-09-23,2005,9,23,3333.3333333333335,75.008,77.523,101.401,1.7833333333333334,69422.966
2005-09-24,2005,9,24,3333.3333333333335,75.008,77.523,101.401,0.2,
2005-09-26,2005,9,26,3000.0,75.008,77.523,101.401,0.0,65698.46399999999
2005-09-27,2005,9,27,3000.0,75.008,77.523,101.401,0.0,68203.17
2005-09-28,2005,9,28,2533.3333333333335,75.008,77.523,101.401,0.0,67745.408
2005-09-29,2005,9,29,2566.6666666666665,75.008,77.523,101.401,0.0,68562.39
2005-09-30,2005,9,30,3000.0,75.008,77.523,101.401,10.071428571428571,69301.304
2005-10-01,2005,10,1,1966.6666666666667,74.859,73.413,95.562,9.77142857142857,
2005-10-03,2005,10,3,2833.3333333333335,74.859,73.413,95.562,0.4384615384615384,68391.22
2005-10-04,2005,10,4,2666.6666666666665,74.859,73.413,95.562,3.8333333333333335,67787.1
2005-10-05,2005,10,5,2733.3333333333335,74.859,73.413,95.562,0.25,66177.351
2005-10-06,2005,10,6,2800.0,74.859,73.413,95.562,0.0,64902.655999999995
2005-10-07,2005,10,7,2966.6666666666665,74.859,73.413,95.562,1.64,63577.35999999999
2005-10-08,2005,10,8,2766.6666666666665,74.859,73.413,95.562,5.3,
2005-10-10,2005,10,10,2566.6666666666665,74.859,73.413,95.562,0.0,63897.039
2005-10-11,2005,10,11,2666.6666666666665,74.859,73.413,95.562,0.0333333333333333,64097.670000000006
2005-10-12,2005,10,12,2333.3333333333335,74.859,73.413,95.562,0.0666666666666666,65745.70100000002
2005-10-13,2005,10,13,2433.3333333333335,74.859,73.413,95.562,0.1,66087.33
2005-10-14,2005,10,14,1700.0,74.859,73.413,95.562,1.052941176470588,64569.50499999999
2005-10-15,2005,10,15,1766.6666666666667,74.859,73.413,95.562,0.526470588235294,
2006-08-21,2006,8,21,5166.666666666667,76.645,75.041,74.429,5.077777777777778,67602.024
2006-08-22,2006,8,22,6400.0,76.645,75.041,74.429,16.716666666666665,68950.66500000001
2006-08-23,2006,8,23,7666.666666666667,76.645,75.041,74.429,3.5733333333333333,70081.7
2006-08-24,2006,8,24,6533.333333333333,76.645,75.041,74.429,11.321052631578947,68869.98000000001
2006-08-25,2006,8,25,6166.666666666667,76.645,75.041,74.429,11.647058823529411,69895.28
2006-08-26,2006,8,26,6333.333333333333,76.645,75.041,74.429,1.4714285714285715,
2006-08-28,2006,8,28,5833.333333333333,76.645,75.041,74.429,10.86904761904762,69015.98
2006-08-29,2006,8,29,7200.0,76.645,75.041,74.429,1.4285714285714286,67366.806
2006-08-30,2006,8,30,5833.333333333333,76.645,75.041,74.429,12.738095238095235,66504.764
2006-08-31,2006,8,31,5666.666666666667,76.645,75.041,74.429,0.125,67212.8225
2006-09-01,2006,9,1,5100.0,76.868,74.033,74.429,0.1333333333333333,67200.75450000001
2006-09-02,2006,9,2,5166.666666666667,76.868,74.033,74.429,0.0,
2006-09-04,2006,9,4,4933.333333333333,76.868,74.033,74.429,1.125,
2006-09-05,2006,9,5,3866.6666666666665,76.868,74.033,74.429,3.2857142857142856,66078.35
2006-09-06,2006,9,6,3766.6666666666665,76.868,74.033,74.429,8.476190476190476,65756.40250000001
2006-09-07,2006,9,7,2933.3333333333335,76.868,74.033,74.429,0.0,64797.337499999994
2006-09-08,2006,9,8,3333.3333333333335,76.868,74.033,74.429,0.5,64243.2
2006-09-09,2006,9,9,3000.0,76.868,74.033,74.429,0.3571428571428571,
2006-09-11,2006,9,11,3300.0,76.868,74.033,74.429,1.3,62986.742000000006
2006-09-12,2006,9,12,3550.0,76.868,74.033,74.429,1.518181818181818,62179.32
2006-09-13,2006,9,13,3883.333333333333,76.868,74.033,74.429,0.25,60210.696
2006-09-14,2006,9,14,4683.333333333333,76.868,74.033,74.429,0.1,60680.52049999999
2006-09-15,2006,9,15,3950.0,76.868,74.033,74.429,12.790476190476191,59595.412500000006
2006-09-16,2006,9,16,4116.666666666667,76.868,74.033,74.429,5.571428571428571,
2006-09-18,2006,9,18,4016.666666666667,76.868,74.033,74.429,15.976190476190476,59512.3515
2006-09-19,2006,9,19,4333.333333333333,76.868,74.033,74.429,0.0,59868.9525
2006-09-20,2006,9,20,4866.666666666667,76.868,74.033,74.429,0.0,57868.43
2006-09-21,2006,9,21,4516.666666666667,76.868,74.033,74.429,0.0,57298.2225
2006-09-22,2006,9,22,4783.333333333333,76.868,74.033,74.429,0.0,57843.8685
2006-09-23,2006,9,23,4516.666666666667,76.868,74.033,74.429,0.0,
2006-09-25,2006,9,25,5250.0,76.868,74.033,74.429,0.0,56357.85
2006-09-26,2006,9,26,4566.666666666667,76.868,74.033,74.429,0.0,57584.64
2006-09-27,2006,9,27,5350.0,76.868,74.033,74.429,0.0,57086.418000000005
2006-09-28,2006,9,28,4833.333333333333,76.868,74.033,74.429,0.0,58851.557
2006-09-29,2006,9,29,4700.0,76.868,74.033,74.429,0.0,58800.06
2006-09-30,2006,9,30,5266.666666666667,76.868,74.033,74.429,0.1333333333333333,
2006-10-02,2006,10,2,4466.666666666667,76.496,77.6,80.546,0.0,59163.88
2006-10-03,2006,10,3,3333.3333333333335,76.496,77.6,80.546,0.0,56999.355
2006-10-04,2006,10,4,4466.666666666667,76.496,77.6,80.546,0.0,54890.55
2006-10-05,2006,10,5,4466.666666666667,76.496,77.6,80.546,0.0,55881.576
2006-10-09,2006,10,9,3866.6666666666665,76.496,77.6,80.546,0.0,55644.105
2006-10-10,2006,10,10,2833.3333333333335,76.496,77.6,80.546,0.0,55738.5125
2006-10-11,2006,10,11,2166.6666666666665,76.496,77.6,80.546,0.025,54312.412
2006-10-12,2006,10,12,1933.3333333333333,76.496,77.6,80.546,0.05,53448.009999999995
2006-10-13,2006,10,13,1900.0,76.496,77.6,80.546,0.1,54317.457
2006-10-14,2006,10,14,2000.0,76.496,77.6,80.546,0.0666666666666666,
2006-10-16,2006,10,16,1666.6666666666667,76.496,77.6,80.546,0.0,54825.147
2006-10-17,2006,10,17,2066.6666666666665,76.496,77.6,80.546,0.5,55765.432499999995
2006-10-18,2006,10,18,1200.0,76.496,77.6,80.546,10.5,54821.16
2006-10-19,2006,10,19,2466.6666666666665,76.496,77.6,80.546,0.0,53546.844000000005
2006-10-20,2006,10,20,1333.3333333333333,76.496,77.6,80.546,1.46,53968.088
2006-10-21,2006,10,21,1333.3333333333333,76.496,77.6,80.546,0.0,
2006-10-23,2006,10,23,2533.3333333333335,76.496,77.6,80.546,5.8125,54592.398
2006-10-24,2006,10,24,2533.3333333333335,76.496,77.6,80.546,2.5,53872.572
2006-10-25,2006,10,25,2533.3333333333335,76.496,77.6,80.546,1.6666666666666667,55013.7
2007-08-27,2007,8,27,4410.6,78.208,80.933,87.312,5.083333333333333,65030.016
2007-08-28,2007,8,28,4220.666666666667,78.208,80.933,87.312,25.44761904761905,65867.196
2007-08-29,2007,8,29,4457.0,78.208,80.933,87.312,52.69047619047619,65409.804
2007-08-30,2007,8,30,4658.2,78.208,80.933,87.312,19.071428571428573,67160.625
2007-08-31,2007,8,31,5213.533333333334,78.208,80.933,87.312,1.727777777777778,67461.76
2007-09-01,2007,9,1,4899.333333333333,78.655,79.77,87.312,76.35714285714286,
2007-09-03,2007,9,3,5576.2,78.655,79.77,87.312,1.8333333333333333,
2007-09-04,2007,9,4,5100.166666666666,78.655,79.77,87.312,15.404761904761903,67633.28000000001
2007-09-05,2007,9,5,5396.866666666667,78.655,79.77,87.312,42.73809523809524,68779.872
2007-09-06,2007,9,6,5237.5,78.655,79.77,87.312,21.547619047619047,69612.31199999999
2007-09-07,2007,9,7,4114.7,78.655,79.77,87.312,3.761904761904762,70202.394
2007-09-08,2007,9,8,4887.633333333333,78.655,79.77,87.312,1.5833333333333333,
2007-09-10,2007,9,10,5332.2,78.655,79.77,87.312,1.1944444444444444,70129.112
2007-09-11,2007,9,11,5506.633333333333,78.655,79.77,87.312,1.0,71450.115
2007-09-12,2007,9,12,5687.366666666667,78.655,79.77,87.312,0.0,71676.628
2007-09-13,2007,9,13,5336.799999999999,78.655,79.77,87.312,0.1666666666666666,73086.84000000001
2007-09-14,2007,9,14,5394.033333333333,78.655,79.77,87.312,25.11904761904762,73318.608
2007-09-15,2007,9,15,5171.633333333333,78.655,79.77,87.312,57.11904761904762,
2007-09-17,2007,9,17,5002.733333333334,78.655,79.77,87.312,6.776190476190477,72351.965
2007-09-18,2007,9,18,5284.8,78.655,79.77,87.312,0.8142857142857144,74241.609
2007-09-19,2007,9,19,5391.333333333333,78.655,79.77,87.312,0.0999999999999999,75547.098
2007-09-20,2007,9,20,4326.766666666666,78.655,79.77,87.312,0.7555555555555555,75028.14
2007-09-21,2007,9,21,4524.466666666667,78.655,79.77,87.312,0.1611111111111111,75082.21800000001
2007-09-22,2007,9,22,4524.466666666667,78.655,79.77,87.312,2.738095238095238,
2007-09-23,2007,9,23,4124.033333333333,78.655,79.77,87.312,2.389473684210526,
2007-09-24,2007,9,24,4124.033333333333,78.655,79.77,87.312,14.857142857142858,74535.84
2007-09-28,2007,9,28,3860.0,78.655,79.77,87.312,3.657894736842105,74721.36
2007-09-29,2007,9,29,3775.0,78.655,79.77,87.312,0.4583333333333333,
2007-10-01,2007,10,1,3606.4,78.803,77.211,85.274,0.025,73869.3
2007-10-02,2007,10,2,2292.133333333333,78.803,77.211,85.274,0.0,72739.485
2007-10-03,2007,10,3,1837.9333333333336,78.803,77.211,85.274,0.1428571428571428,72848.84
2007-10-04,2007,10,4,1722.4,78.803,77.211,85.274,1.3857142857142857,72325.53600000001
2007-10-05,2007,10,5,1272.7333333333331,78.803,77.211,85.274,0.3,73772.82
2007-10-06,2007,10,6,1508.3333333333333,78.803,77.211,85.274,11.795,
2007-10-08,2007,10,8,1573.3333333333333,78.803,77.211,85.274,5.333333333333333,73607.325
2007-10-09,2007,10,9,1789.7333333333331,78.803,77.211,85.274,0.375,71872.96800000001
2007-10-10,2007,10,10,1533.3333333333333,78.803,77.211,85.274,0.25,73116.519
2007-10-11,2007,10,11,1836.3333333333333,78.803,77.211,85.274,0.7999999999999999,74712.75
2008-08-16,2008,8,16,3600.0,82.598,70.468,75.726,30.227272727272727,
2008-08-18,2008,8,18,8666.666666666666,82.598,70.468,75.726,6.613636363636363,123169.14
2008-08-19,2008,8,19,4633.333333333334,82.598,70.468,75.726,0.4875,123318.1775
2008-08-20,2008,8,20,5844.466666666667,82.598,70.468,75.726,8.353846153846153,126131.7825
2008-08-21,2008,8,21,6511.133333333334,82.598,70.468,75.726,3.3857142857142857,128517.705
2008-08-22,2008,8,22,5933.333333333333,82.598,70.468,75.726,33.20454545454545,134495.07499999998
2008-08-23,2008,8,23,6368.333333333333,82.598,70.468,75.726,2.0466666666666664,
2008-08-25,2008,8,25,6262.311111111111,82.598,70.468,75.726,0.285,128808.339
2008-08-26,2008,8,26,5580.311111111111,82.598,70.468,75.726,0.25,133269.675
2008-08-27,2008,8,27,5001.400000000001,82.598,70.468,75.726,0.1,133155.9
2008-08-28,2008,8,28,5083.644444444445,82.598,70.468,75.726,0.2333333333333333,132362.832
2008-08-29,2008,8,29,4759.311111111111,82.598,70.468,75.726,0.05,128742.9375
2008-08-30,2008,8,30,4682.233333333333,82.598,70.468,75.726,0.25,
2008-09-01,2008,9,1,5609.766666666666,82.673,68.762,75.726,5.927272727272728,
2008-09-02,2008,9,2,5785.633333333333,82.673,68.762,75.726,8.386363636363637,132047.80000000002
2008-09-03,2008,9,3,5321.666666666666,82.673,68.762,75.726,0.0,126842.144
2008-09-04,2008,9,4,5186.666666666667,82.673,68.762,75.726,0.7366666666666667,126006.92
2008-09-05,2008,9,5,5424.333333333334,82.673,68.762,75.726,1.4733333333333334,124031.92
2008-09-06,2008,9,6,5565.233333333334,82.673,68.762,75.726,2.21,
2008-09-08,2008,9,8,4178.533333333334,82.673,68.762,75.726,1.155,125625.725
2008-09-09,2008,9,9,5708.833333333334,82.673,68.762,75.726,0.6275,128146.657
2008-09-10,2008,9,10,5294.9,82.673,68.762,75.726,0.1,121117.22
2008-09-11,2008,9,11,4934.0,82.673,68.762,75.726,0.04,121974.165
2008-09-12,2008,9,12,4489.3,82.673,68.762,75.726,0.1999999999999999,124035.1875
2008-09-13,2008,9,13,4489.3,82.673,68.762,75.726,0.0,
2008-09-17,2008,9,17,3299.9666666666667,82.673,68.762,75.726,0.1,124216.904
2008-09-18,2008,9,18,3439.7,82.673,68.762,75.726,0.1,135075.81
2008-09-19,2008,9,19,2747.2666666666664,82.673,68.762,75.726,4.193181818181818,136943.895
2008-09-20,2008,9,20,2442.5666666666666,82.673,68.762,75.726,8.286363636363637,
2008-09-22,2008,9,22,2132.6,82.673,68.762,75.726,0.0,131417.19150000002
2008-09-23,2008,9,23,1986.7666666666669,82.673,68.762,75.726,2.8944444444444444,128689.033
2008-09-24,2008,9,24,1919.7666666666669,82.673,68.762,75.726,1.125,128658.176
2008-09-25,2008,9,25,1845.7666666666669,82.673,68.762,75.726,1.7166666666666666,135442.4785
2008-09-26,2008,9,26,1822.9333333333336,82.673,68.762,75.726,0.0,140774.66999999998
2008-09-27,2008,9,27,2003.9666666666667,82.673,68.762,75.726,0.0,
2008-09-29,2008,9,29,1802.8666666666668,82.673,68.762,75.726,2.636363636363636,135461.697
2008-09-30,2008,9,30,2076.4,82.673,68.762,75.726,0.2,125803.98
2008-10-01,2008,10,1,2123.6000000000004,82.598,70.081,75.819,0.7749999999999999,134551.967
2008-10-02,2008,10,2,3536.4,82.598,70.081,75.819,1.35,134021.03850000002
2008-10-03,2008,10,3,1907.0666666666664,82.598,70.081,75.819,1.925,130019.79
2008-10-04,2008,10,4,3430.3,82.598,70.081,75.819,2.5,
2008-10-06,2008,10,6,3305.133333333333,82.598,70.081,75.819,0.4384615384615384,129698.875
2008-10-07,2008,10,7,3970.833333333333,82.598,70.081,75.819,0.5,130321.952
2008-10-08,2008,10,8,3370.8333333333335,82.598,70.081,75.819,0.8333333333333334,129235.08
2008-10-09,2008,10,9,3241.3333333333335,82.598,70.081,75.819,0.025,121260.84
2008-10-10,2008,10,10,3328.4,82.598,70.081,75.819,0.15,106408.79700000002
2008-10-11,2008,10,11,3370.8333333333335,82.598,70.081,75.819,1.9310606060606064,
2008-10-13,2008,10,13,3570.8333333333335,82.598,70.081,75.819,5.49318181818182,105269.66800000002
2008-10-14,2008,10,14,3570.8333333333335,82.598,70.081,75.819,7.274242424242426,102655.8
2008-10-15,2008,10,15,3437.5,82.598,70.081,75.819,9.055303030303032,98173.6875
2009-08-11,2009,8,11,2800.0,84.384,72.096,75.912,17.8125,88450.0
2009-08-12,2009,8,12,2800.0,84.384,72.096,75.912,23.729166666666668,86530.14
2009-08-13,2009,8,13,2800.0,84.384,72.096,75.912,7.704166666666667,87314.41200000001
2009-08-14,2009,8,14,7619.066666666667,84.384,72.096,75.912,0.0,88302.40500000001
2009-08-15,2009,8,15,5416.666666666667,84.384,72.096,75.912,0.09375,
2009-08-17,2009,8,17,4504.066666666667,84.384,72.096,75.912,0.3222222222222222,84510.965
2009-08-18,2009,8,18,4666.666666666667,84.384,72.096,75.912,0.3,83333.0
2009-08-19,2009,8,19,3935.733333333333,84.384,72.096,75.912,4.986111111111111,87412.075
2009-08-20,2009,8,20,4616.0,84.384,72.096,75.912,9.672222222222222,89855.61000000002
2009-08-21,2009,8,21,4354.133333333333,84.384,72.096,75.912,0.8666666666666667,91100.0
2009-08-22,2009,8,22,4105.466666666666,84.384,72.096,75.912,0.0,
2009-08-24,2009,8,24,4328.066666666667,84.384,72.096,75.912,0.25,91929.375
2009-08-25,2009,8,25,4066.3333333333335,84.384,72.096,75.912,0.15,92040.871
2009-08-26,2009,8,26,4025.4,84.384,72.096,75.912,0.1,88902.09999999999
2009-08-27,2009,8,27,3383.866666666667,84.384,72.096,75.912,3.9,88233.7856
2009-08-28,2009,8,28,3503.8,84.384,72.096,75.912,10.473333333333333,89821.80799999999
2009-08-29,2009,8,29,3259.0,84.384,72.096,75.912,1.0857142857142856,
2009-08-31,2009,8,31,3310.733333333333,84.384,72.096,75.912,0.1666666666666666,86975.0
2009-09-01,2009,9,1,3352.2666666666664,84.459,71.01,75.912,0.1249999999999999,85496.4
2009-09-02,2009,9,2,3648.3,84.459,71.01,75.912,0.0833333333333333,82830.95
2009-09-03,2009,9,3,4892.2,84.459,71.01,75.912,0.0416666666666666,83415.6
2009-09-04,2009,9,4,2983.2666666666664,84.459,71.01,75.912,0.0,83532.75
2009-09-05,2009,9,5,2998.6,84.459,71.01,75.912,0.1416666666666666,
2009-09-07,2009,9,7,2951.866666666667,84.459,71.01,75.912,0.425,
2009-09-08,2009,9,8,2874.7333333333336,84.459,71.01,75.912,1.4823529411764709,82210.931
2009-09-09,2009,9,9,2944.1000000000004,84.459,71.01,75.912,1.6592497868712703,86023.98
2009-09-10,2009,9,10,2891.8999999999996,84.459,71.01,75.912,1.8361466325660696,86469.48
2009-09-11,2009,9,11,3442.166666666667,84.459,71.01,75.912,2.0130434782608693,87000.375
2009-09-12,2009,9,12,3629.6,84.459,71.01,75.912,2.230434782608695,
2009-09-14,2009,9,14,3398.9,84.459,71.01,75.912,1.4791666666666667,83567.77500000001
2009-09-15,2009,9,15,3509.166666666667,84.459,71.01,75.912,0.0818181818181818,82364.05
2009-09-16,2009,9,16,3591.4666666666662,84.459,71.01,75.912,0.0545454545454545,83916.8
2009-09-17,2009,9,17,3596.666666666667,84.459,71.01,75.912,0.0272727272727272,86244.137
2009-09-18,2009,9,18,3926.9333333333334,84.459,71.01,75.912,0.0,85851.92
2009-09-19,2009,9,19,3633.466666666667,84.459,71.01,75.912,0.2013888888888888,
2009-09-21,2009,9,21,4011.166666666667,84.459,71.01,75.912,0.6041666666666666,85633.54000000001
2009-09-22,2009,9,22,3705.166666666667,84.459,71.01,75.912,0.3,82837.63
2009-09-23,2009,9,23,4793.299999999999,84.459,71.01,75.912,3.904166666666667,84236.87999999999
2009-09-24,2009,9,24,5041.766666666666,84.459,71.01,75.912,0.1,80274.08399999999
2009-09-25,2009,9,25,5419.0,84.459,71.01,75.912,0.4599999999999999,77413.152
2009-09-26,2009,9,26,4805.033333333334,84.459,71.01,75.912,4.775,
2009-09-28,2009,9,28,4547.366666666667,84.459,71.01,75.912,18.6375,77130.90000000001
2009-09-29,2009,9,29,3793.3,84.459,71.01,75.912,0.4333333333333333,78270.393
2009-09-30,2009,9,30,3428.2,84.459,71.01,75.912,0.8,77950.635
2009-10-01,2009,10,1,3428.2,84.235,71.397,75.541,8.142857142857142,81910.40000000001
2009-10-02,2009,10,2,3428.2,84.235,71.397,75.541,22.555,81852.22499999999
2009-10-06,2009,10,6,2200.0,84.235,71.397,75.541,1.7642857142857142,81993.42000000001
2009-10-07,2009,10,7,1785.2,84.235,71.397,75.541,0.1857142857142857,82438.86
2009-10-08,2009,10,8,1987.8666666666663,84.235,71.397,75.541,0.1,81107.59999999999
2009-10-09,2009,10,9,1666.6666666666667,84.235,71.397,75.541,0.0,83581.3976
2009-10-10,2009,10,10,2666.6666666666665,84.235,71.397,75.541,0.1666666666666666,
2009-10-12,2009,10,12,1517.9333333333334,84.235,71.397,75.541,0.5,84670.33679999999
2009-10-13,2009,10,13,2711.9333333333334,84.235,71.397,75.541,2.52,84893.29740000001
2009-10-14,2009,10,14,2711.9333333333334,84.235,71.397,75.541,2.370833333333333,87635.76000000001
2009-10-15,2009,10,15,2711.9333333333334,84.235,71.397,75.541,2.7166666666666663,89515.221
2009-10-16,2009,10,16,1333.3333333333333,84.235,71.397,75.541,3.0625,92273.904
2009-10-17,2009,10,17,1333.3333333333333,84.235,71.397,75.541,3.408333333333333,
2010-08-19,2010,8,19,3300.0,86.647,86.856,78.181,7.225,88976.66699999999
2010-08-20,2010,8,20,3300.0,86.647,86.856,78.181,0.025,87564.36750000001
2010-08-21,2010,8,21,3300.0,86.647,86.856,78.181,0.2,
2010-08-23,2010,8,23,3316.666666666667,86.647,86.856,78.181,0.65,86814.76400000001
2010-08-24,2010,8,24,6350.0,86.647,86.856,78.181,0.8833333333333333,85917.592
2010-08-25,2010,8,25,5097.633333333333,86.647,86.856,78.181,24.769565217391307,84600.4684
2010-08-26,2010,8,26,5948.333333333334,86.647,86.856,78.181,7.51111111111111,86320.828
2010-08-27,2010,8,27,6811.1,86.647,86.856,78.181,4.595000000000001,87359.35680000001
2010-08-28,2010,8,28,7497.833333333333,86.647,86.856,78.181,10.053333333333336,
2010-08-30,2010,8,30,8300.0,86.647,86.856,78.181,6.875,90665.685
2010-08-31,2010,8,31,7820.522222222222,86.647,86.856,78.181,12.35,88659.5679
2010-09-01,2010,9,1,8354.422222222222,87.337,87.918,86.931,9.857142857142858,85057.71
2010-09-02,2010,9,2,7660.455555555555,87.337,87.918,86.931,37.78846153846154,88462.879
2010-09-03,2010,9,3,7942.555555555556,87.337,87.918,86.931,0.475,89803.60500000001
2010-09-04,2010,9,4,6897.2,87.337,87.918,86.931,0.05,
2010-09-06,2010,9,6,6550.555555555555,87.337,87.918,86.931,40.910714285714285,
2010-09-07,2010,9,7,7894.166666666667,87.337,87.918,86.931,47.375,88045.5
2010-09-08,2010,9,8,7884.555555555556,87.337,87.918,86.931,0.1,87132.499
2010-09-09,2010,9,9,8684.466666666667,87.337,87.918,86.931,0.3833333333333333,87571.7404
2010-09-10,2010,9,10,11312.233333333334,87.337,87.918,86.931,3.409090909090909,87200.52
2010-09-11,2010,9,11,11167.933333333332,87.337,87.918,86.931,24.678571428571427,
2010-09-13,2010,9,13,10574.766666666666,87.337,87.918,86.931,0.6333333333333333,90047.53
2010-09-14,2010,9,14,9565.866666666669,87.337,87.918,86.931,1.84,90518.0949
2010-09-15,2010,9,15,9643.366666666669,87.337,87.918,86.931,5.691666666666666,89428.91679999999
2010-09-16,2010,9,16,9569.466666666667,87.337,87.918,86.931,5.820416666666667,88260.40000000001
2010-09-17,2010,9,17,9637.666666666668,87.337,87.918,86.931,5.949166666666667,86321.9005
2010-09-18,2010,9,18,8908.6,87.337,87.918,86.931,6.077916666666666,
2010-09-20,2010,9,20,5453.5,87.337,87.918,86.931,2.2294117647058824,85239.297
2010-09-25,2010,9,25,3200.0,87.337,87.918,86.931,0.0,
2010-09-27,2010,9,27,3508.9333333333334,87.337,87.918,86.931,0.19,88013.9112
2010-09-28,2010,9,28,3729.133333333333,87.337,87.918,86.931,0.38,87768.9351
2010-09-29,2010,9,29,3591.4,87.337,87.918,86.931,2.6957142857142853,88001.094
2010-09-30,2010,9,30,3095.0666666666666,87.337,87.918,86.931,5.011428571428571,89471.844
2010-10-01,2010,10,1,2676.8,87.337,89.797,89.098,7.327142857142856,91536.56
2010-10-02,2010,10,2,2705.866666666667,87.337,89.797,89.098,9.642857142857142,
2010-10-04,2010,10,4,2109.133333333333,87.337,89.797,89.098,0.7461538461538461,93686.96
2010-10-05,2010,10,5,2220.866666666667,87.337,89.797,89.098,0.2875,92627.5395
2010-10-06,2010,10,6,1809.1333333333337,87.337,89.797,89.098,1.1437499999999998,94122.7
2010-10-07,2010,10,7,1896.2666666666669,87.337,89.797,89.098,2.0,93537.191
2010-10-08,2010,10,8,1876.8,87.337,89.797,89.098,7.046428571428572,91413.318
2010-10-09,2010,10,9,1854.7333333333331,87.337,89.797,89.098,2.15,
2010-10-11,2010,10,11,1712.2666666666669,87.337,89.797,89.098,0.3,93149.532
2010-10-12,2010,10,12,1806.8666666666663,87.337,89.797,89.098,3.0,91477.816
2010-10-13,2010,10,13,1316.6666666666667,87.337,89.797,89.098,1.8,91591.776
2010-10-14,2010,10,14,1400.0,87.337,89.797,89.098,8.5,92456.0455
2010-10-15,2010,10,15,1466.6666666666667,87.337,89.797,89.098,4.3,92509.5459
2010-10-16,2010,10,16,1866.6666666666667,87.337,89.797,89.098,0.1,
2010-10-18,2010,10,18,1800.0,87.337,89.797,89.098,31.5,91340.912
2010-10-19,2010,10,19,1533.3333333333333,87.337,89.797,89.098,0.5,92356.53
2010-10-20,2010,10,20,1533.3333333333333,87.337,89.797,89.098,1.5555555555555556,88433.422
2011-07-16,2011,7,16,4182.4,90.102,91.677,97.205,1.85,
2011-08-22,2011,8,22,4666.666666666667,90.707,97.56,97.205,2.4850000000000003,88403.692
2011-08-23,2011,8,23,8095.266666666666,90.707,97.56,97.205,7.28125,91982.94
2011-08-24,2011,8,24,7333.333333333333,90.707,97.56,97.205,1.956,92060.982
2011-08-25,2011,8,25,8500.0,90.707,97.56,97.205,0.3583333333333333,92635.1505
2011-08-26,2011,8,26,8591.133333333333,90.707,97.56,97.205,0.275,91220.7345
2011-08-27,2011,8,27,9190.077777777778,90.707,97.56,97.205,1.2,
2011-08-29,2011,8,29,8990.2,90.707,97.56,97.205,5.122222222222222,92113.735
2011-08-30,2011,8,30,7209.322222222222,90.707,97.56,97.205,7.083333333333333,94038.246
2011-08-31,2011,8,31,7872.133333333333,90.707,97.56,97.205,1.75,95151.8035
2011-09-01,2011,9,1,8740.666666666666,90.62,94.781,102.583,2.517857142857143,94816.878
2011-09-02,2011,9,2,7469.444444444445,90.62,94.781,102.583,3.2857142857142856,96091.033
2011-09-03,2011,9,3,7319.388888888888,90.62,94.781,102.583,3.6142857142857134,
2011-09-05,2011,9,5,6731.933333333334,90.62,94.781,102.583,3.377272727272727,
2011-09-06,2011,9,6,7522.7555555555555,90.62,94.781,102.583,3.28,93757.224
2011-09-07,2011,9,7,6958.455555555556,90.62,94.781,102.583,1.6445454545454543,93662.2
2011-09-08,2011,9,8,6407.855555555555,90.62,94.781,102.583,0.009090909090909,96805.173
2011-09-09,2011,9,9,5579.066666666667,90.62,94.781,102.583,2.11875,96075.771
2011-09-10,2011,9,10,6521.933333333333,90.62,94.781,102.583,21.035714285714285,
2011-09-15,2011,9,15,4687.966666666667,90.62,94.781,102.583,0.0333333333333333,94970.34
2011-09-16,2011,9,16,5876.5,90.62,94.781,102.583,0.0,95071.459
2011-09-17,2011,9,17,3636.155555555555,90.62,94.781,102.583,0.4857142857142857,
2011-09-19,2011,9,19,3113.25,90.62,94.781,102.583,1.136842105263158,93225.6
2011-09-20,2011,9,20,3074.1777777777775,90.62,94.781,102.583,1.29,91539.776
2011-09-21,2011,9,21,2878.7999999999997,90.62,94.781,102.583,0.35,92643.559
2011-09-22,2011,9,22,3213.7999999999997,90.62,94.781,102.583,0.3,90950.244
2011-09-23,2011,9,23,2841.488888888889,90.62,94.781,102.583,0.25,85899.36000000002
2011-09-24,2011,9,24,3155.444444444444,90.62,94.781,102.583,0.1999999999999999,
2011-09-26,2011,9,26,3087.4833333333336,90.62,94.781,102.583,0.1,85644.85600000001
2011-09-27,2011,9,27,3097.166666666667,90.62,94.781,102.583,0.0499999999999999,87753.96
2011-09-28,2011,9,28,3031.65,90.62,94.781,102.583,0.0,90230.46
2011-09-29,2011,9,29,2825.166666666667,90.62,94.781,102.583,6.857142857142857,88607.92800000001
2011-09-30,2011,9,30,3132.5333333333333,90.62,94.781,102.583,0.3999999999999999,91646.9775
2011-10-01,2011,10,1,3403.133333333333,90.448,94.128,94.797,0.75,
2011-10-03,2011,10,3,3666.6666666666665,90.448,94.128,94.797,0.375,86977.73199999999
2011-10-04,2011,10,4,3720.0,90.448,94.128,94.797,0.1875,85285.32
2011-10-05,2011,10,5,3391.4,90.448,94.128,94.797,0.0,89541.47499999999
2011-10-06,2011,10,6,4133.333333333333,90.448,94.128,94.797,1.5,90980.994
2011-10-07,2011,10,7,2438.866666666667,90.448,94.128,94.797,3.0,97023.8785
2011-10-08,2011,10,8,2466.6666666666665,90.448,94.128,94.797,4.5,
2011-10-10,2011,10,10,2438.866666666667,90.448,94.128,94.797,7.5,97686.375
2011-10-11,2011,10,11,2112.8,90.448,94.128,94.797,9.0,100603.23
2011-10-12,2011,10,12,2000.0,90.448,94.128,94.797,0.0,100399.68
2011-10-13,2011,10,13,2196.4666666666667,90.448,94.128,94.797,0.0,99334.128
2011-10-14,2011,10,14,2196.4666666666667,90.448,94.128,94.797,12.982142857142858,99915.3395
2011-10-17,2011,10,17,2746.6666666666665,90.448,94.128,94.797,4.042000000000001,102797.748
2011-10-19,2011,10,19,2866.6666666666665,90.448,94.128,94.797,11.646000000000004,106017.912
2011-10-20,2011,10,20,2466.6666666666665,90.448,94.128,94.797,15.448000000000002,102493.44
2012-08-06,2012,8,6,2600.0,91.855,103.361,106.339,0.45,104426.2818
2012-08-07,2012,8,7,2600.0,91.855,103.361,106.339,0.5,105351.225
2012-08-10,2012,8,10,1900.0,91.855,103.361,106.339,5.21111111111111,107297.6876
2012-08-13,2012,8,13,2000.0,91.855,103.361,106.339,38.035714285714285,106881.285
2012-08-16,2012,8,16,5000.0,91.855,103.361,106.339,18.310714285714287,107253.3745
2012-08-17,2012,8,17,6333.333333333333,91.855,103.361,106.339,4.159090909090909,108809.798
2012-08-21,2012,8,21,11333.333333333334,91.855,103.361,106.339,8.281818181818181,110305.9986
2012-08-22,2012,8,22,9666.666666666666,91.855,103.361,106.339,39.267857142857146,111407.3256
2012-08-23,2012,8,23,9777.8,91.855,103.361,106.339,65.17857142857143,111580.721
2012-08-24,2012,8,24,12425.266666666666,91.855,103.361,106.339,41.910714285714285,109355.6646
2012-08-25,2012,8,25,8305.0,91.855,103.361,106.339,0.8285714285714285,
2012-08-27,2012,8,27,9407.4,91.855,103.361,106.339,1.8357142857142856,109973.7254
2012-08-28,2012,8,28,7382.866666666667,91.855,103.361,106.339,36.80357142857143,108188.5902
2012-08-29,2012,8,29,5721.266666666666,91.855,103.361,106.339,0.2333333333333333,108286.964
2012-08-30,2012,8,30,5590.811111111111,91.855,103.361,106.339,30.785714285714285,107887.224
2012-08-31,2012,8,31,5288.2444444444445,91.855,103.361,106.339,2.8588235294117648,107531.775
2012-09-01,2012,9,1,5928.211111111111,92.512,104.219,117.52,0.8722222222222222,
2012-09-03,2012,9,3,5881.188888888889,92.512,104.219,117.52,1.0,
2012-09-04,2012,9,4,6371.333333333333,92.512,104.219,117.52,7.3538461538461535,108729.1694
2012-09-05,2012,9,5,6329.533333333333,92.512,104.219,117.52,10.464285714285714,107972.373
2012-09-06,2012,9,6,6061.11111111111,92.512,104.219,117.52,8.547767857142857,108520.32
2012-09-07,2012,9,7,5851.5,92.512,104.219,117.52,6.63125,106739.211
2012-09-08,2012,9,8,4580.0,92.512,104.219,117.52,51.10714285714285,
2012-09-10,2012,9,10,5256.622222222222,92.512,104.219,117.52,17.564285714285713,108861.876
2012-09-11,2012,9,11,4471.488888888889,92.512,104.219,117.52,8.782142857142857,108865.474
2012-09-12,2012,9,12,4964.2555555555555,92.512,104.219,117.52,0.0,109497.64149999998
2012-09-13,2012,9,13,5202.822222222222,92.512,104.219,117.52,5.827999999999999,109590.0273
2012-09-14,2012,9,14,5085.011111111111,92.512,104.219,117.52,8.75,111166.5756
2012-09-15,2012,9,15,5070.366666666667,92.512,104.219,117.52,7.2821428571428575,
2012-09-17,2012,9,17,5598.455555555556,92.512,104.219,117.52,110.51785714285714,112581.85050000002
2012-09-18,2012,9,18,5630.7444444444445,92.512,104.219,117.52,0.55,109823.876
2012-09-19,2012,9,19,6253.977777777778,92.512,104.219,117.52,1.0375,107998.2351
2012-09-20,2012,9,20,6329.511111111111,92.512,104.219,117.52,1.525,103879.0515
2012-09-21,2012,9,21,7151.733333333334,92.512,104.219,117.52,2.0125,105204.1944
2012-09-22,2012,9,22,6875.322222222222,92.512,104.219,117.52,2.5,
2012-09-24,2012,9,24,5225.888888888889,92.512,104.219,117.52,0.1033333333333333,105736.005
2012-09-25,2012,9,25,6003.288888888888,92.512,104.219,117.52,0.1066666666666666,104576.1674
2012-09-26,2012,9,26,7455.933333333333,92.512,104.219,117.52,0.1099999999999999,103110.67059999998
2012-09-27,2012,9,27,5559.655555555556,92.512,104.219,117.52,0.1133333333333332,102267.824
2012-09-28,2012,9,28,5492.388888888888,92.512,104.219,117.52,0.1166666666666666,104796.933
2012-09-29,2012,9,29,5492.388888888888,92.512,104.219,117.52,0.0777777777777777,
2012-10-03,2012,10,3,5419.188888888889,92.339,106.351,119.768,0.0145454545454545,104084.712
2012-10-04,2012,10,4,4533.333333333333,92.339,106.351,119.768,0.0218181818181817,99988.161
2012-10-05,2012,10,5,4533.333333333333,92.339,106.351,119.768,0.029090909090909,103319.3655
2012-10-06,2012,10,6,3887.733333333333,92.339,106.351,119.768,0.0363636363636363,
2012-10-08,2012,10,8,3786.6666666666665,92.339,106.351,119.768,0.4000000000000001,101557.455
2012-10-09,2012,10,9,2666.6666666666665,92.339,106.351,119.768,0.8000000000000002,101176.499
2012-10-10,2012,10,10,2677.8,92.339,106.351,119.768,1.2000000000000002,104119.1004
2012-10-11,2012,10,11,2450.0,92.339,106.351,119.768,8.05,102874.0678
2012-10-12,2012,10,12,2866.6666666666665,92.339,106.351,119.768,6.44,104295.7742
2012-10-13,2012,10,13,3133.3333333333335,92.339,106.351,119.768,4.83,
2012-10-15,2012,10,15,2761.9333333333334,92.339,106.351,119.768,1.6100000000000003,102364.4545
2012-10-16,2012,10,16,2533.3333333333335,92.339,106.351,119.768,0.0,102459.216
2012-10-17,2012,10,17,2466.6666666666665,92.339,106.351,119.768,1.5666666666666669,103009.896
2012-10-18,2012,10,18,2466.6666666666665,92.339,106.351,119.768,3.0,102770.2604
2012-10-19,2012,10,19,2466.6666666666665,92.339,106.351,119.768,6.526785714285714,102952.2624
2012-10-20,2012,10,20,2466.6666666666665,92.339,106.351,119.768,10.053571428571429,
2013-08-19,2013,8,19,4557.1,93.238,101.376,111.701,2.6625,121205.0768
2013-08-20,2013,8,20,6071.4,93.238,101.376,111.701,3.3,120229.9534
2013-08-21,2013,8,21,6395.616666666667,93.238,101.376,111.701,4.7,118010.9082
2013-08-22,2013,8,22,7365.1,93.238,101.376,111.701,8.722222222222221,115800.7842
2013-08-23,2013,8,23,6414.766666666666,93.238,101.376,111.701,28.585714285714285,117584.4022
2013-08-24,2013,8,24,6477.766666666666,93.238,101.376,111.701,33.44782608695652,
2013-08-26,2013,8,26,7572.116666666667,93.238,101.376,111.701,0.15,120236.3315
2013-08-27,2013,8,27,7637.083333333334,93.238,101.376,111.701,2.832142857142857,118970.20320000002
2013-08-28,2013,8,28,7837.033333333334,93.238,101.376,111.701,5.514285714285714,121858.9384
2013-08-29,2013,8,29,6777.666666666666,93.238,101.376,111.701,8.196428571428571,122372.3925
2013-08-30,2013,8,30,6071.55,93.238,101.376,111.701,6.031818181818181,120723.1285
2013-08-31,2013,8,31,7937.111111111112,93.238,101.376,111.701,3.2066666666666666,
2013-09-02,2013,9,2,6489.9111111111115,93.419,98.295,112.383,2.0,118248.515
2013-09-03,2013,9,3,9267.377777777778,93.419,98.295,112.383,4.233333333333333,119180.68769999998
2013-09-04,2013,9,4,8591.355555555556,93.419,98.295,112.383,1.5,120700.2264
2013-09-05,2013,9,5,8541.0,93.419,98.295,112.383,3.0839285714285714,120082.2749
2013-09-06,2013,9,6,6798.7555555555555,93.419,98.295,112.383,4.667857142857143,121949.35
2013-09-07,2013,9,7,7893.488888888889,93.419,98.295,112.383,2.8857142857142857,
2013-09-09,2013,9,9,7777.811111111111,93.419,98.295,112.383,1.3047619047619048,123866.496
2013-09-10,2013,9,10,7892.099999999999,93.419,98.295,112.383,0.5142857142857143,122477.2724
2013-09-11,2013,9,11,8512.344444444445,93.419,98.295,112.383,8.08,119582.936
2013-09-12,2013,9,12,9321.055555555557,93.419,98.295,112.383,3.2960000000000003,120083.8002
2013-09-13,2013,9,13,9647.388888888889,93.419,98.295,112.383,1.1800000000000002,121173.79679999998
2013-09-14,2013,9,14,8380.844444444445,93.419,98.295,112.383,30.04642857142857,
2013-09-16,2013,9,16,7848.811111111111,93.419,98.295,112.383,2.5833333333333335,119620.625
2013-09-17,2013,9,17,6716.366666666668,93.419,98.295,112.383,2.1666666666666665,118058.219
2013-09-18,2013,9,18,7754.133333333333,93.419,98.295,112.383,1.75,117636.4016
2013-09-23,2013,9,23,4398.2,93.419,98.295,112.383,0.0,117314.2205
2013-09-24,2013,9,24,4238.8,93.419,98.295,112.383,1.3,115210.4376
2013-09-25,2013,9,25,4276.8,93.419,98.295,112.383,0.812,115630.9938
2013-09-26,2013,9,26,3547.6666666666665,93.419,98.295,112.383,0.325,114724.335
2013-09-27,2013,9,27,3691.8,93.419,98.295,112.383,1.7798913043478262,115095.5731
2013-09-28,2013,9,28,3704.266666666667,93.419,98.295,112.383,3.2347826086956526,
2013-09-30,2013,9,30,2875.4,93.419,98.295,112.383,15.389285714285714,114857.66
2013-10-01,2013,10,1,4601.6,93.134,96.007,106.749,4.8,113911.954
2013-10-02,2013,10,2,3307.0666666666666,93.134,96.007,106.749,3.2545454545454544,113128.465
2013-10-03,2013,10,3,3082.6,93.134,96.007,106.749,2.16969696969697,116006.3916
2013-10-04,2013,10,4,3028.266666666667,93.134,96.007,106.749,1.084848484848485,114601.42
2013-10-05,2013,10,5,3872.866666666667,93.134,96.007,106.749,0.0,
2013-10-07,2013,10,7,4943.2,93.134,96.007,106.749,2.08,115118.1255
2013-10-08,2013,10,8,2456.4,93.134,96.007,106.749,64.72857142857143,114509.6632
2013-10-09,2013,10,9,4882.066666666667,93.134,96.007,106.749,2.219047619047619,113747.92879999998
2013-10-10,2013,10,10,2346.266666666667,93.134,96.007,106.749,13.592592592592592,111438.591
2013-10-11,2013,10,11,2607.4,93.134,96.007,106.749,0.953846153846154,112628.71279999998
2013-10-12,2013,10,12,2179.733333333333,93.134,96.007,106.749,2.4806020066889634,
2013-10-14,2013,10,14,2133.3333333333335,93.134,96.007,106.749,5.534113712374582,111298.1778
2013-10-15,2013,10,15,2880.9333333333334,93.134,96.007,106.749,7.060869565217391,111601.699
2013-10-16,2013,10,16,1941.2,93.134,96.007,106.749,0.0,109732.22
2013-10-17,2013,10,17,2182.2,93.134,96.007,106.749,0.3,110899.90309999998
2013-10-18,2013,10,18,1611.1333333333334,93.134,96.007,106.749,0.6,109403.0712
2013-10-19,2013,10,19,2400.0,93.134,96.007,106.749,0.9,
2013-10-21,2013,10,21,1996.4666666666667,93.134,96.007,106.749,6.8,109004.4286
2013-10-22,2013,10,22,1822.2,93.134,96.007,106.749,1.7600000000000002,107611.8498
2013-10-23,2013,10,23,1822.2,93.134,96.007,106.749,0.3,106145.2348
2013-10-24,2013,10,24,1800.0,93.134,96.007,106.749,3.5,105120.46
2013-10-25,2013,10,25,1700.0,93.134,96.007,106.749,1.75,104032.176
2013-10-26,2013,10,26,1700.0,93.134,96.007,106.749,0.0,
2013-10-28,2013,10,28,1700.0,93.134,96.007,106.749,0.0888888888888888,105402.07799999998
2013-10-30,2013,10,30,1700.0,93.134,96.007,106.749,0.15,105039.1995
2014-08-04,2014,8,4,1600.0,94.551,89.16,98.746,11.085714285714284,99506.196
2014-08-05,2014,8,5,1600.0,94.551,89.16,98.746,1.4869565217391305,100191.221
2014-08-06,2014,8,6,1600.0,94.551,89.16,98.746,6.790909090909091,99228.7776
2014-08-07,2014,8,7,1600.0,94.551,89.16,98.746,21.17037037037037,98188.326
2014-08-08,2014,8,8,2633.3,94.551,89.16,98.746,5.507142857142857,98813.6328
2014-08-09,2014,8,9,2633.3,94.551,89.16,98.746,4.75,
2014-08-11,2014,8,11,3383.333333333333,94.551,89.16,98.746,1.2941176470588236,98588.555
2014-08-12,2014,8,12,3383.333333333333,94.551,89.16,98.746,1.1361892583120206,98749.912
2014-08-13,2014,8,13,5166.666666666666,94.551,89.16,98.746,0.9782608695652174,98089.38
2014-08-14,2014,8,14,5966.666666666667,94.551,89.16,98.746,32.32857142857143,98117.32
2014-08-15,2014,8,15,4926.766666666666,94.551,89.16,98.746,5.210714285714286,96598.25
2014-08-16,2014,8,16,8302.983333333334,94.551,89.16,98.746,0.38,
2014-08-18,2014,8,18,4723.816666666667,94.551,89.16,98.746,97.46428571428572,98299.185
2014-08-19,2014,8,19,7222.666666666667,94.551,89.16,98.746,19.414285714285715,97467.664
2014-08-20,2014,8,20,6772.344444444444,94.551,89.16,98.746,30.510714285714283,96191.525
2014-08-21,2014,8,21,5318.216666666667,94.551,89.16,98.746,36.46785714285714,95331.753
2014-08-22,2014,8,22,6143.688888888889,94.551,89.16,98.746,0.4499999999999999,95659.8265
2014-08-23,2014,8,23,6022.333333333333,94.551,89.16,98.746,2.5789999999999997,
2014-08-25,2014,8,25,4585.622222222222,94.551,89.16,98.746,75.55,95920.851
2014-08-26,2014,8,26,5777.600000000001,94.551,89.16,98.746,9.659090909090908,96025.428
2014-08-27,2014,8,27,6217.288888888889,94.551,89.16,98.746,8.866666666666667,97090.696
2014-08-28,2014,8,28,6584.477777777778,94.551,89.16,98.746,0.9571428571428572,96468.75
2014-08-29,2014,8,29,6271.455555555556,94.551,89.16,98.746,2.144444444444444,96952.368
2014-08-30,2014,8,30,5975.011111111111,94.551,89.16,98.746,0.0,
2014-09-01,2014,9,1,6314.655555555556,94.49,87.738,97.863,0.0,98019.936
2014-09-02,2014,9,2,5874.766666666666,94.49,87.738,97.863,4.722222222222222,98128.602
2014-09-03,2014,9,3,5788.066666666667,94.49,87.738,97.863,21.714285714285715,96167.016
2014-09-04,2014,9,4,5324.644444444445,94.49,87.738,97.863,0.6545454545454545,97627.383
2014-09-05,2014,9,5,5666.144444444445,94.49,87.738,97.863,0.1,96962.62099999998
2014-09-06,2014,9,6,5560.966666666667,94.49,87.738,97.863,1.3571428571428572,
2014-09-11,2014,9,11,5461.033333333334,94.49,87.738,97.863,0.0,94617.207
2014-09-12,2014,9,12,3616.3,94.49,87.738,97.863,0.0,95906.635
2014-09-13,2014,9,13,3454.3333333333335,94.49,87.738,97.863,0.825,
2014-09-15,2014,9,15,3382.8,94.49,87.738,97.863,0.0545454545454545,95313.0915
2014-09-16,2014,9,16,3169.5333333333333,94.49,87.738,97.863,2.3494949494949493,95877.3705
2014-09-17,2014,9,17,3231.7666666666664,94.49,87.738,97.863,4.644444444444444,98171.6505
2014-09-18,2014,9,18,2926.3999999999996,94.49,87.738,97.863,0.0857142857142857,96864.276
2014-09-19,2014,9,19,2755.477777777778,94.49,87.738,97.863,0.0,95726.5605
2014-09-20,2014,9,20,2559.055555555555,94.49,87.738,97.863,1.502777777777778,
2014-09-22,2014,9,22,2677.4777777777776,94.49,87.738,97.863,4.508333333333334,94732.995
2014-09-23,2014,9,23,3348.0166666666664,94.49,87.738,97.863,6.011111111111112,93389.255
2014-09-24,2014,9,24,3016.866666666667,94.49,87.738,97.863,83.70714285714287,93664.464
2014-09-25,2014,9,25,3063.1,94.49,87.738,97.863,0.1428571428571428,94575.9535
2014-09-26,2014,9,26,3032.7833333333333,94.49,87.738,97.863,0.0,94009.6255
2014-09-27,2014,9,27,2526.2,94.49,87.738,97.863,0.5246913580246914,
2014-09-29,2014,9,29,2266.666666666667,94.49,87.738,97.863,1.5740740740740742,95184.32749999998
2014-09-30,2014,9,30,2233.333333333333,94.49,87.738,97.863,0.5,96523.971
2014-10-01,2014,10,1,2233.333333333333,94.205,85.654,94.717,0.1333333333333333,93296.832
2014-10-02,2014,10,2,2133.333333333333,94.205,85.654,94.717,0.15,92482.208
2014-10-03,2014,10,3,2200.0,94.205,85.654,94.717,0.5333333333333333,93033.978
2014-10-04,2014,10,4,2166.666666666667,94.205,85.654,94.717,0.525,
2014-10-06,2014,10,6,2230.5666666666666,94.205,85.654,94.717,0.0,91143.481
2015-08-12,2015,8,12,2800.0,95.213,88.269,99.722,8.914285714285715,49101.9306
2015-08-13,2015,8,13,2800.0,95.213,88.269,99.722,6.989473684210527,49250.2758
2015-08-14,2015,8,14,2800.0,95.213,88.269,99.722,4.990909090909091,47814.0729
2015-08-15,2015,8,15,4600.0,95.213,88.269,99.722,4.9936026936026945,
2015-08-17,2015,8,17,5915.8,95.213,88.269,99.722,3.5846153846153848,47741.01119999999
2015-08-18,2015,8,18,8604.2,95.213,88.269,99.722,0.0,47601.2268
2015-08-19,2015,8,19,7200.0,95.213,88.269,99.722,0.0125,48468.692599999995
2015-08-20,2015,8,20,7916.7,95.213,88.269,99.722,3.388888888888889,46564.3326
2015-08-21,2015,8,21,7714.2,95.213,88.269,99.722,39.43214285714286,47053.6143
2015-08-22,2015,8,22,7338.1,95.213,88.269,99.722,0.0125,
2015-08-24,2015,8,24,6308.1,95.213,88.269,99.722,2.7,46355.075
2015-08-25,2015,8,25,5514.7,95.213,88.269,99.722,41.707142857142856,44163.1878
2015-08-26,2015,8,26,5850.9,95.213,88.269,99.722,4.316666666666666,45598.253399999994
2015-08-27,2015,8,27,5281.9,95.213,88.269,99.722,1.75,45071.655199999994
2015-08-28,2015,8,28,5325.8,95.213,88.269,99.722,5.300000000000001,49599.7084
2015-08-29,2015,8,29,4960.2,95.213,88.269,99.722,4.525,
2015-08-31,2015,8,31,4897.3,95.213,88.269,99.722,2.975,52683.75
2015-09-01,2015,9,1,4972.4,94.966,87.758,101.914,9.914814814814816,56151.94000000001
2015-09-02,2015,9,2,4708.3,94.966,87.758,101.914,11.651851851851852,51366.385599999994
2015-09-03,2015,9,3,4043.2,94.966,87.758,101.914,2.006666666666667,53581.2033
2015-09-04,2015,9,4,3717.9,94.966,87.758,101.914,0.75,54754.7064
2015-09-05,2015,9,5,3859.2,94.966,87.758,101.914,9.85,
2015-09-07,2015,9,7,3948.7,94.966,87.758,101.914,0.1333333333333333,53537.2056
2015-09-08,2015,9,8,4250.3,94.966,87.758,101.914,4.816666666666666,53569.53660000001
2015-09-09,2015,9,9,4904.5,94.966,87.758,101.914,9.5,53745.5546
2015-09-10,2015,9,10,4782.5,94.966,87.758,101.914,5.5,51396.05759999999
2015-09-11,2015,9,11,4168.6,94.966,87.758,101.914,0.0857142857142857,53240.7225
2015-09-12,2015,9,12,4965.3,94.966,87.758,101.914,3.3035714285714284,
2015-09-14,2015,9,14,6285.3,94.966,87.758,101.914,3.7208333333333337,51909.4238
2015-09-15,2015,9,15,6540.15,94.966,87.758,101.914,7.341666666666667,52010.54209999999
2015-09-16,2015,9,16,7030.299999999999,94.966,87.758,101.914,10.9625,53008.3564
2015-09-17,2015,9,17,7138.2,94.966,87.758,101.914,11.433333333333332,55557.7866
2015-09-18,2015,9,18,7552.349999999999,94.966,87.758,101.914,0.3999999999999999,55309.0995
2015-09-19,2015,9,19,7222.6,94.966,87.758,101.914,3.4491666666666667,
2015-09-21,2015,9,21,6905.15,94.966,87.758,101.914,9.5475,53213.9004
2015-09-22,2015,9,22,6660.05,94.966,87.758,101.914,12.596666666666668,55078.0875
2015-09-23,2015,9,23,6986.05,94.966,87.758,101.914,15.645833333333334,55110.8064
2015-09-24,2015,9,24,6322.8,94.966,87.758,101.914,2.7074074074074077,52872.0228
2015-09-25,2015,9,25,5520.9,94.966,87.758,101.914,0.3399999999999999,53857.72549999999
2015-09-26,2015,9,26,5520.9,94.966,87.758,101.914,0.0,
2015-09-30,2015,9,30,5460.35,94.966,87.758,101.914,0.775,53143.9536
2015-10-01,2015,10,1,5557.45,94.966,88.477,100.079,37.55357142857143,53291.0954
2015-10-02,2015,10,2,5462.95,94.966,88.477,100.079,32.25544217687075,53216.4025
2015-10-03,2015,10,3,5206.9,94.966,88.477,100.079,26.957312925170072,
2015-10-05,2015,10,5,4982.05,94.966,88.477,100.079,16.36105442176871,54008.51499999999
2015-10-06,2015,10,6,5185.75,94.966,88.477,100.079,11.06292517006803,54538.17600000001
2015-10-07,2015,10,7,4891.2,94.966,88.477,100.079,5.764795918367348,58013.55
2015-10-08,2015,10,8,4791.65,94.966,88.477,100.079,0.4666666666666666,57278.3227
2015-10-09,2015,10,9,4613.2,94.966,88.477,100.079,0.1,59698.5598
2015-10-10,2015,10,10,4604.5,94.966,88.477,100.079,1.564,
2015-10-12,2015,10,12,3411.6222222222223,94.966,88.477,100.079,0.11,59596.6723
2015-10-13,2015,10,13,1494.4333333333334,94.966,88.477,100.079,0.2799999999999999,56711.3778
2015-10-14,2015,10,14,1766.6666666666663,94.966,88.477,100.079,0.4499999999999999,55602.1872
2015-10-15,2015,10,15,1933.3333333333337,94.966,88.477,100.079,0.62,54746.0004
2015-10-16,2015,10,16,1608.3333333333337,94.966,88.477,100.079,0.7899999999999999,55419.088
2015-10-17,2015,10,17,1516.6666666666663,94.966,88.477,100.079,0.96,
2015-10-19,2015,10,19,1516.6666666666663,94.966,88.477,100.079,1.3,55912.3741
2015-10-20,2015,10,20,1350.0,94.966,88.477,100.079,0.0,54533.37499999999
2015-10-21,2015,10,21,1200.0,94.966,88.477,100.079,0.0,53685.105599999995
2015-10-22,2015,10,22,1200.0,94.966,88.477,100.079,0.3666666666666667,52800.2118
2015-10-23,2015,10,23,1200.0,94.966,88.477,100.079,0.2083333333333333,53327.47519999999
2015-10-24,2015,10,24,1200.0,94.966,88.477,100.079,0.05,
2015-10-26,2015,10,26,1200.0,94.966,88.477,100.079,0.0,52723.853
2016-08-09,2016,8,9,5200.0,95.677,83.459,81.452,0.1666666666666666,49659.2435
2016-08-10,2016,8,10,5200.0,95.677,83.459,81.452,0.3033333333333333,49503.605
2016-08-11,2016,8,11,6666.7,95.677,83.459,81.452,0.4399999999999999,47691.63
2016-08-12,2016,8,12,4500.0,95.677,83.459,81.452,0.5766666666666667,50037.236399999994
2016-08-13,2016,8,13,5047.2,95.677,83.459,81.452,0.7133333333333334,
2016-08-15,2016,8,15,5041.8,95.677,83.459,81.452,2.847058823529412,51150.7946
2016-08-16,2016,8,16,4140.9,95.677,83.459,81.452,9.5125,52256.1698
2016-08-17,2016,8,17,4000.0,95.677,83.459,81.452,2.76,52462.5543
2016-08-18,2016,8,18,5943.1,95.677,83.459,81.452,3.0495384615384613,53355.785
2016-08-19,2016,8,19,5927.3,95.677,83.459,81.452,3.339076923076923,54849.2337
2016-08-20,2016,8,20,5895.0,95.677,83.459,81.452,3.628615384615385,
2016-08-22,2016,8,22,5599.6,95.677,83.459,81.452,4.207692307692308,55224.884
2016-08-23,2016,8,23,4600.0,95.677,83.459,81.452,0.9071428571428573,54143.075
2016-08-24,2016,8,24,4467.8,95.677,83.459,81.452,0.5035714285714286,54175.0283
2016-08-25,2016,8,25,5425.799999999999,95.677,83.459,81.452,0.1,53202.24
2016-08-26,2016,8,26,5816.7,95.677,83.459,81.452,8.828571428571427,54119.7513
2016-08-27,2016,8,27,5602.9,95.677,83.459,81.452,0.2699999999999999,
2016-08-29,2016,8,29,7041.950000000001,95.677,83.459,81.452,12.52727272727273,53707.5558
2016-08-30,2016,8,30,7285.799999999999,95.677,83.459,81.452,10.42,53163.9774
2016-08-31,2016,8,31,6026.75,95.677,83.459,81.452,3.4200000000000004,52017.688
2016-09-01,2016,9,1,6789.700000000001,96.247,85.314,85.411,5.413636363636363,49864.6785
2016-09-02,2016,9,2,6402.8,96.247,85.314,85.411,68.25357142857142,48257.31949999999
2016-09-03,2016,9,3,6941.3,96.247,85.314,85.411,61.35357142857144,
2016-09-05,2016,9,5,5790.4,96.247,85.314,85.411,3.215384615384615,49297.92319999999
2016-09-06,2016,9,6,5977.799999999999,96.247,85.314,85.411,0.0,49164.998499999994
2016-09-07,2016,9,7,6800.5,96.247,85.314,85.411,1.962962962962963,50045.8725
2016-09-08,2016,9,8,7066.25,96.247,85.314,85.411,4.352380952380953,51096.348
2016-09-09,2016,9,9,5627.85,96.247,85.314,85.411,2.3857142857142857,52240.448
2016-09-10,2016,9,10,6310.7,96.247,85.314,85.411,11.058823529411764,
2016-09-12,2016,9,12,4366.05,96.247,85.314,85.411,11.225,49964.770800000006
2016-09-13,2016,9,13,5096.1,96.247,85.314,85.411,0.35,50564.668
2016-09-14,2016,9,14,4893.4,96.247,85.314,85.411,0.15,49642.2
2016-09-19,2016,9,19,4921.25,96.247,85.314,85.411,0.4941176470588235,47846.4626
2016-09-20,2016,9,20,2562.65,96.247,85.314,85.411,0.2470588235294117,47793.64690000001
2016-09-21,2016,9,21,2645.85,96.247,85.314,85.411,0.0,49691.37
2016-09-22,2016,9,22,2534.3,96.247,85.314,85.411,0.2176470588235294,51264.5626
2016-09-23,2016,9,23,2290.7,96.247,85.314,85.411,1.0150210084033613,51625.120599999995
2016-09-24,2016,9,24,2438.9,96.247,85.314,85.411,1.812394957983193,
2016-09-26,2016,9,26,2249.05,96.247,85.314,85.411,3.407142857142857,50036.4218
2016-09-27,2016,9,27,2290.3,96.247,85.314,85.411,2.811111111111112,50903.7084
2016-09-28,2016,9,28,2324.75,96.247,85.314,85.411,14.955555555555556,50492.328
2016-09-29,2016,9,29,2365.9,96.247,85.314,85.411,3.326923076923077,52868.248
2016-09-30,2016,9,30,2764.8,96.247,85.314,85.411,14.55925925925926,53502.6624
2016-10-01,2016,10,1,2198.1,96.379,87.116,88.993,0.912,
2016-10-03,2016,10,3,2800.0,96.379,87.116,88.993,2.8,53627.052
2016-10-04,2016,10,4,2118.0,96.379,87.116,88.993,0.5333333333333333,54395.0785
2016-10-05,2016,10,5,2199.25,96.379,87.116,88.993,90.62142857142858,55008.642
2016-10-06,2016,10,6,2998.3,96.379,87.116,88.993,0.25,54840.907499999994
2016-10-07,2016,10,7,2035.0,96.379,87.116,88.993,5.978571428571429,55377.33170000001
2016-10-08,2016,10,8,2035.0,96.379,87.116,88.993,25.90357142857143,
2016-10-10,2016,10,10,2458.35,96.379,87.116,88.993,0.0,54065.999
2016-10-11,2016,10,11,2281.1,96.379,87.116,88.993,0.075,56139.99300000001
2016-10-12,2016,10,12,3060.0,96.379,87.116,88.993,0.15,56427.824400000005
2016-10-13,2016,10,13,2934.5,96.379,87.116,88.993,0.0,55384.0
2016-10-14,2016,10,14,2360.9,96.379,87.116,88.993,0.0,57062.3328
2016-10-15,2016,10,15,2866.7,96.379,87.116,88.993,0.0,
2016-10-17,2016,10,17,2721.1,96.379,87.116,88.993,0.2857142857142857,56587.611099999995
2016-10-18,2016,10,18,2800.0,96.379,87.116,88.993,0.0,56289.4956
2016-10-19,2016,10,19,1900.0,96.379,87.116,88.993,0.0,57161.43530000001
2016-10-20,2016,10,20,2278.3,96.379,87.116,88.993,0.0,57539.73
2016-10-21,2016,10,21,1581.3,96.379,87.116,88.993,0.08125,56597.352
2016-10-22,2016,10,22,1000.0,96.379,87.116,88.993,0.2526315789473685,
2016-10-24,2016,10,24,1000.0,96.379,87.116,88.993,0.0,56130.264
2017-08-19,2017,8,19,5220.0,98.058,96.086,79.192,12.617391304347825,
2017-08-21,2017,8,21,5769.0,98.058,96.086,79.192,15.060714285714283,54512.808000000005
2017-08-22,2017,8,22,5732.4,98.058,96.086,79.192,9.368,52925.73000000001
2017-08-23,2017,8,23,5523.8,98.058,96.086,79.192,5.92,53357.2764
2017-08-24,2017,8,24,5126.7,98.058,96.086,79.192,5.895652173913043,53805.336
2017-08-25,2017,8,25,5062.3,98.058,96.086,79.192,2.7888888888888888,53208.68319999999
2017-08-26,2017,8,26,5314.6,98.058,96.086,79.192,3.4016835016835016,
2017-08-28,2017,8,28,4300.0,98.058,96.086,79.192,4.627272727272727,53842.727
2017-08-29,2017,8,29,4877.3,98.058,96.086,79.192,2.065217391304348,52455.084
2017-08-30,2017,8,30,4777.6,98.058,96.086,79.192,0.0538461538461538,51938.5174
2017-08-31,2017,8,31,4660.7,98.058,96.086,79.192,0.0,51600.47150000001
2017-09-01,2017,9,1,3764.1,98.172,100.151,100.301,0.35,53150.966
2017-09-02,2017,9,2,3710.5,98.172,100.151,100.301,0.4384615384615384,
2017-09-04,2017,9,4,3735.7,98.172,100.151,100.301,0.6153846153846154,53325.46650000001
2017-09-05,2017,9,5,3587.3,98.172,100.151,100.301,0.7038461538461539,53378.6472
2017-09-06,2017,9,6,3620.9,98.172,100.151,100.301,18.14642857142857,55363.44600000001
2017-09-07,2017,9,7,3641.7,98.172,100.151,100.301,1.8444444444444443,56224.5138
2017-09-08,2017,9,8,3266.1,98.172,100.151,100.301,1.2296296296296294,56104.96100000001
2017-09-09,2017,9,9,3551.5,98.172,100.151,100.301,0.6148148148148147,
2017-09-11,2017,9,11,4025.5,98.172,100.151,100.301,77.97142857142856,54213.1278
2017-09-12,2017,9,12,4194.15,98.172,100.151,100.301,9.2,54660.9516
2017-09-13,2017,9,13,4498.65,98.172,100.151,100.301,1.0,54894.904
2017-09-14,2017,9,14,4657.85,98.172,100.151,100.301,0.0,56320.895800000006
2017-09-15,2017,9,15,5103.6,98.172,100.151,100.301,0.0,56668.369999999995
2017-09-16,2017,9,16,3778.2,98.172,100.151,100.301,0.5285714285714286,
2017-09-18,2017,9,18,5457.799999999999,98.172,100.151,100.301,0.0,56764.6935
2017-09-19,2017,9,19,5079.6,98.172,100.151,100.301,4.425,56517.0858
2017-09-20,2017,9,20,5622.45,98.172,100.151,100.301,1.3454545454545457,56198.0888
2017-09-21,2017,9,21,5600.0,98.172,100.151,100.301,1.121212121212121,57223.8256
2017-09-22,2017,9,22,5763.75,98.172,100.151,100.301,0.8969696969696972,56913.987
2017-09-23,2017,9,23,6116.1,98.172,100.151,100.301,0.6727272727272728,
2017-09-25,2017,9,25,5363.1,98.172,100.151,100.301,0.2242424242424243,56684.0596
2017-09-26,2017,9,26,6113.200000000001,98.172,100.151,100.301,0.0,58609.4612
2017-09-28,2017,9,28,5521.85,98.172,100.151,100.301,0.5285714285714286,58548.96299999999
2017-09-29,2017,9,29,5547.3,98.172,100.151,100.301,5.190476190476191,57857.8018
2017-09-30,2017,9,30,5862.2,98.172,100.151,100.301,9.852380952380951,
2017-10-02,2017,10,2,5348.7,98.077,97.698,94.285,29.8,58528.259600000005
2017-10-03,2017,10,3,4765.3,98.077,97.698,94.285,1.984615384615385,57294.1868
2017-10-09,2017,10,9,4177.8,98.077,97.698,94.285,1.2,55669.244999999995
2017-10-10,2017,10,10,4177.8,98.077,97.698,94.285,2.4,55926.5895
2017-10-11,2017,10,11,4370.5,98.077,97.698,94.285,1.2133333333333334,57668.155199999994
2017-10-12,2017,10,12,4365.3,98.077,97.698,94.285,20.167857142857144,57850.32
2017-10-13,2017,10,13,3280.7,98.077,97.698,94.285,4.566666666666666,57515.644799999995
2017-10-14,2017,10,14,2233.3,98.077,97.698,94.285,1.9,
2017-10-16,2017,10,16,3200.0,98.077,97.698,94.285,0.0307692307692307,58108.18549999999
2017-10-17,2017,10,17,1716.7,98.077,97.698,94.285,0.0,58742.1774
2017-10-18,2017,10,18,1600.0,98.077,97.698,94.285,0.1958333333333333,58785.1726
2017-10-19,2017,10,19,2500.0,98.077,97.698,94.285,1.946153846153846,58960.678499999995
2017-10-20,2017,10,20,1622.2,98.077,97.698,94.285,1.3164835164835162,58254.232200000006
2017-10-21,2017,10,21,2500.0,98.077,97.698,94.285,0.6868131868131868,
2017-10-23,2017,10,23,2500.0,98.077,97.698,94.285,0.0,59089.036
2017-10-24,2017,10,24,2500.0,98.077,97.698,94.285,0.1666666666666666,59031.1018
2017-10-25,2017,10,25,1600.0,98.077,97.698,94.285,0.0,60220.62
2017-10-26,2017,10,26,1600.0,98.077,97.698,94.285,4.25,59840.5321
2017-10-27,2017,10,27,1600.0,98.077,97.698,94.285,8.5,60462.864
2018-02-10,2018,2,10,3400.0,98.855,103.661,97.501,0.1225,
2018-08-14,2018,8,14,4100.0,99.462,104.103,89.167,0.25,76547.99380000001
2018-08-15,2018,8,15,4800.0,99.462,104.103,89.167,15.30952380952381,75155.3544
2018-08-16,2018,8,16,4250.0,99.462,104.103,89.167,13.985185185185186,73659.1455
2018-08-17,2018,8,17,5930.4,99.462,104.103,89.167,0.16,73820.6985
2018-08-18,2018,8,18,5893.1,99.462,104.103,89.167,0.1346666666666666,
2018-08-20,2018,8,20,5650.9,99.462,104.103,89.167,0.0839999999999999,73664.3115
2018-08-21,2018,8,21,4500.0,99.462,104.103,89.167,0.0586666666666666,74922.1844
2018-08-22,2018,8,22,4800.0,99.462,104.103,89.167,0.0333333333333333,73677.2176
2018-08-23,2018,8,23,4400.0,99.462,104.103,89.167,15.933333333333334,76151.95109999999
2018-08-24,2018,8,24,5989.4,99.462,104.103,89.167,17.82857142857143,75589.675
2018-08-25,2018,8,25,6710.4,99.462,104.103,89.167,2.9962962962962965,
2018-08-27,2018,8,27,4901.9,99.462,104.103,89.167,41.989285714285714,76763.42929999999
2018-08-28,2018,8,28,4026.9,99.462,104.103,89.167,18.085714285714285,77767.51530000001
2018-08-29,2018,8,29,6068.7,99.462,104.103,89.167,1.5666666666666669,76984.12800000001
2018-08-30,2018,8,30,6822.2,99.462,104.103,89.167,11.69285714285714,78542.257
2018-08-31,2018,8,31,6040.5,99.462,104.103,89.167,35.49629629629629,78265.42719999999
2018-09-01,2018,9,1,7172.8,100.221,113.775,114.795,30.06875,
2018-09-03,2018,9,3,6276.0,100.221,113.775,114.795,23.34642857142857,78536.894
2018-09-04,2018,9,4,6619.5,100.221,113.775,114.795,35.98888888888889,78975.7
2018-09-05,2018,9,5,4719.6,100.221,113.775,114.795,18.01111111111111,78941.91
2018-09-06,2018,9,6,3814.5,100.221,113.775,114.795,0.0333333333333333,77440.3344
2018-09-07,2018,9,7,7797.1,100.221,113.775,114.795,6.1692307692307695,76973.8836
2018-09-08,2018,9,8,10581.95,100.221,113.775,114.795,0.0,
2018-09-10,2018,9,10,10501.5,100.221,113.775,114.795,0.4125,76456.877
2018-09-11,2018,9,11,8067.65,100.221,113.775,114.795,0.0,75593.08200000001
2018-09-12,2018,9,12,7764.35,100.221,113.775,114.795,0.3571428571428571,78091.5915
2018-09-13,2018,9,13,8135.200000000001,100.221,113.775,114.795,5.5814814814814815,78477.7472
2018-09-14,2018,9,14,8350.35,100.221,113.775,114.795,24.139285714285712,76890.71040000001
2018-09-15,2018,9,15,9948.7,100.221,113.775,114.795,3.878571428571429,
2018-09-17,2018,9,17,4889.2,100.221,113.775,114.795,0.2666666666666666,77463.534
2018-09-18,2018,9,18,7799.5,100.221,113.775,114.795,1.0420289855072462,76694.8
2018-09-19,2018,9,19,6736.65,100.221,113.775,114.795,1.817391304347826,77294.44799999999
2018-09-20,2018,9,20,9474.65,100.221,113.775,114.795,12.964285714285714,79121.537
2018-09-21,2018,9,21,7638.150000000001,100.221,113.775,114.795,29.189285714285717,78004.83600000001
2018-09-22,2018,9,22,6898.700000000001,100.221,113.775,114.795,0.1,
2018-09-27,2018,9,27,4700.7,100.221,113.775,114.795,0.075,80533.1036
2018-09-28,2018,9,28,4636.85,100.221,113.775,114.795,0.15,80770.86360000001
2018-09-29,2018,9,29,4677.55,100.221,113.775,114.795,7.568181818181818,
2018-10-01,2018,10,1,4677.55,100.041,111.478,105.129,0.6055555555555556,82286.3475
2018-10-02,2018,10,2,4278.95,100.041,111.478,105.129,0.1,85119.01199999999
2018-10-03,2018,10,3,4247.45,100.041,111.478,105.129,0.7020833333333333,84855.552
2018-10-04,2018,10,4,3999.4,100.041,111.478,105.129,1.3041666666666667,85625.55820000001
2018-10-05,2018,10,5,3946.6,100.041,111.478,105.129,63.82142857142857,83587.0914
2018-10-06,2018,10,6,3888.45,100.041,111.478,105.129,116.43928571428572,
2018-10-08,2018,10,8,4206.55,100.041,111.478,105.129,0.3045454545454545,83389.75200000001
2018-10-09,2018,10,9,4222.9,100.041,111.478,105.129,0.009090909090909,83263.62
2018-10-10,2018,10,10,3995.85,100.041,111.478,105.129,0.11875,84091.79779999999
2018-10-11,2018,10,11,3880.95,100.041,111.478,105.129,0.0,81606.5576
2018-10-12,2018,10,12,3735.0,100.041,111.478,105.129,0.0,79434.2605
2018-10-13,2018,10,13,3943.9,100.041,111.478,105.129,0.0,
2018-10-15,2018,10,15,3943.9,100.041,111.478,105.129,1.92,80265.7905
2018-10-16,2018,10,16,4868.85,100.041,111.478,105.129,2.88,79989.31599999999
2018-10-17,2018,10,17,1800.0,100.041,111.478,105.129,11.4,80839.06039999999
2018-10-18,2018,10,18,1800.0,100.041,111.478,105.129,14.421428571428573,78227.7118
2018-10-19,2018,10,19,1800.0,100.041,111.478,105.129,0.2333333333333333,76613.2268
2018-10-20,2018,10,20,1800.0,100.041,111.478,105.129,0.1555555555555555,
2018-10-22,2018,10,22,1800.0,100.041,111.478,105.129,0.0,77322.0459
2018-10-23,2018,10,23,1700.0,100.041,111.478,105.129,0.0,77200.5
2018-10-24,2018,10,24,1600.0,100.041,111.478,105.129,1.5892857142857144,73642.57810000001
2018-10-25,2018,10,25,1600.0,100.041,111.478,105.129,3.178571428571429,74285.3748
2018-10-26,2018,10,26,1600.0,100.041,111.478,105.129,4.767857142857143,75352.225
2018-10-27,2018,10,27,1600.0,100.041,111.478,105.129,0.2444444444444444,
2018-10-29,2018,10,29,1600.0,100.041,111.478,105.129,0.3636363636363636,76569.9515
2018-10-30,2018,10,30,3200.0,100.041,111.478,105.129,0.0,75471.0912
2018-10-31,2018,10,31,3200.0,100.041,111.478,105.129,6.0,75248.6616
2018-11-01,2018,11,1,3200.0,99.33,98.305,98.418,0.0,73451.94559999999
2019-09-23,2019,9,23,2048.8999999999996,99.794,95.133,105.091,3.654545454545455,71783.745
2019-09-24,2019,9,24,2661.75,99.794,95.133,105.091,3.9673796791443854,70399.1616
2019-09-25,2019,9,25,2402.0,99.794,95.133,105.091,4.2802139037433165,67928.301
2019-09-26,2019,9,26,2580.05,99.794,95.133,105.091,4.593048128342247,67609.62779999999
2019-09-27,2019,9,27,2486.1000000000004,99.794,95.133,105.091,4.905882352941177,67412.4743
2019-09-28,2019,9,28,2630.65,99.794,95.133,105.091,2.5,
2019-09-30,2019,9,30,2043.0,99.794,95.133,105.091,0.3125,67367.9754
2019-10-01,2019,10,1,2065.65,100.041,90.687,88.568,12.542105263157897,64630.110400000005
2019-10-02,2019,10,2,2138.1,100.041,90.687,88.568,161.17857142857142,63851.76
2019-10-03,2019,10,3,2158.65,100.041,90.687,88.568,32.464285714285715,62001.175500000005
2019-10-04,2019,10,4,2161.7,100.041,90.687,88.568,0.275,61964.6958
2019-10-05,2019,10,5,2350.0,100.041,90.687,88.568,3.1666666666666665,
2019-10-07,2019,10,7,2283.9,100.041,90.687,88.568,4.371428571428572,62575.697799999994
2019-10-08,2019,10,8,2283.9,100.041,90.687,88.568,0.0,62937.9018
2019-10-09,2019,10,9,2100.0,100.041,90.687,88.568,0.0,62839.549499999994
2019-10-10,2019,10,10,2307.15,100.041,90.687,88.568,0.0,62919.2366
2019-10-11,2019,10,11,1950.0,100.041,90.687,88.568,0.0,64388.7552
2019-10-12,2019,10,12,2167.35,100.041,90.687,88.568,0.0333333333333333,
2019-10-14,2019,10,14,2243.75,100.041,90.687,88.568,5.642857142857143,65634.597
2019-10-15,2019,10,15,2350.0,100.041,90.687,88.568,2.9166666666666665,64202.3682
2019-10-16,2019,10,16,2222.9,100.041,90.687,88.568,1.4583333333333333,63528.3432
2019-10-17,2019,10,17,1798.1,100.041,90.687,88.568,0.0,63741.67100000001
2019-10-18,2019,10,18,2198.9,100.041,90.687,88.568,10.335714285714284,64858.7781
2019-10-19,2019,10,19,2450.0,100.041,90.687,88.568,1.2894736842105263,
2019-10-21,2019,10,21,2450.0,100.041,90.687,88.568,0.4298245614035088,64633.0027
2019-10-22,2019,10,22,2450.0,100.041,90.687,88.568,0.0,64354.7043
2019-10-23,2019,10,23,2300.0,100.041,90.687,88.568,0.1625,65262.627
2019-10-24,2019,10,24,1850.0,100.041,90.687,88.568,7.64375,67185.651
2019-10-25,2019,10,25,1850.0,100.041,90.687,88.568,3.033333333333333,66852.261
2019-10-26,2019,10,26,1850.0,100.041,90.687,88.568,0.0666666666666666,
2019-10-28,2019,10,28,1850.0,100.041,90.687,88.568,9.216666666666669,67828.7445
2019-10-29,2019,10,29,1850.0,100.041,90.687,88.568,0.0333333333333333,66961.116
2019-10-30,2019,10,30,1850.0,100.041,90.687,88.568,0.0249999999999999,66552.705
2019-10-31,2019,10,31,1850.0,100.041,90.687,88.568,0.0166666666666666,65356.254
2019-11-01,2019,11,1,1850.0,99.481,83.0,88.82,0.0083333333333333,64032.375
2019-11-02,2019,11,2,1850.0,99.481,83.0,88.82,0.0,
2019-11-04,2019,11,4,1850.0,99.481,83.0,88.82,0.025,66828.927
2019-11-05,2019,11,5,1850.0,99.481,83.0,88.82,0.0125,67016.81280000001
2019-11-06,2019,11,6,1850.0,99.481,83.0,88.82,0.0,67939.56259999999
2019-11-07,2019,11,7,1850.0,99.481,83.0,88.82,0.55,66440.59449999999
2019-11-08,2019,11,8,1850.0,99.481,83.0,88.82,3.5,67309.87759999999
2023-08-24,2023,8,24,10682.1,112.28,142.03,156.22,59.65,105347.44169999998
2023-08-25,2023,8,25,10026.6,112.28,142.03,156.22,9.168421052631578,104746.3296
2023-08-26,2023,8,26,10776.4,112.28,142.03,156.22,5.484210526315788,
2023-08-28,2023,8,28,9941.6,112.28,142.03,156.22,4.6000000000000005,106466.451
2023-08-29,2023,8,29,10034.0,112.28,142.03,156.22,22.54074074074074,105939.1086
2023-08-30,2023,8,30,9430.1,112.28,142.03,156.22,54.23214285714285,107645.0309
2023-08-31,2023,8,31,9992.4,112.28,142.03,156.22,15.592592592592592,107729.62
2023-09-01,2023,9,1,12095.5,112.85,149.13,165.87,22.87857142857143,110708.5577
2023-09-02,2023,9,2,10087.2,112.85,149.13,165.87,6.583333333333333,
2023-09-04,2023,9,4,9836.2,112.85,149.13,165.87,0.7,113188.9325
2023-09-05,2023,9,5,9055.5,112.85,149.13,165.87,0.35,113462.36460000002
2023-09-06,2023,9,6,9398.7,112.85,149.13,165.87,0.0,115333.264
2023-09-07,2023,9,7,7887.8,112.85,149.13,165.87,0.0,116824.7562
2023-09-08,2023,9,8,7846.45,112.85,149.13,165.87,0.0,115832.2084
2023-09-09,2023,9,9,7595.4,112.85,149.13,165.87,0.0,
2023-09-11,2023,9,11,10057.35,112.85,149.13,165.87,9.65,116796.116
2023-09-12,2023,9,12,10818.25,112.85,149.13,165.87,1.7,115724.3835
2023-09-13,2023,9,13,12363.3,112.85,149.13,165.87,9.934615384615386,117746.4
2023-09-14,2023,9,14,13808.6,112.85,149.13,165.87,18.39642857142857,117957.442
2023-09-15,2023,9,15,14346.9,112.85,149.13,165.87,16.325,120592.9134
2023-09-16,2023,9,16,14316.65,112.85,149.13,165.87,39.32857142857143,
2023-09-18,2023,9,18,16101.6,112.85,149.13,165.87,6.033333333333334,121243.104
2023-09-19,2023,9,19,16714.05,112.85,149.13,165.87,0.0,122103.891
2023-09-20,2023,9,20,17094.65,112.85,149.13,165.87,56.875,121669.0345
2023-09-21,2023,9,21,15009.75,112.85,149.13,165.87,15.15,119076.192
2023-09-22,2023,9,22,17581.55,112.85,149.13,165.87,0.12,120052.2634
2023-09-23,2023,9,23,15755.15,112.85,149.13,165.87,0.0,
2023-09-25,2023,9,25,15547.5,112.85,149.13,165.87,1.8695652173913044,120934.95799999998
2023-09-26,2023,9,26,16284.65,112.85,149.13,165.87,16.303571428571427,120411.3372
2023-09-27,2023,9,27,11872.75,112.85,149.13,165.87,1.6153846153846154,122586.673
2023-09-28,2023,9,28,11308.6,112.85,149.13,165.87,0.0,127115.9766
2023-10-02,2023,10,2,12923.3,113.27,148.47,166.27,0.538888888888889,122847.673
2023-10-03,2023,10,3,12923.3,113.27,148.47,166.27,0.8777777777777778,120337.6038
2023-10-04,2023,10,4,8971.05,113.27,148.47,166.27,0.45,121794.511
2023-10-05,2023,10,5,8916.7,113.27,148.47,166.27,0.65,114222.8475
2023-10-06,2023,10,6,8312.55,113.27,148.47,166.27,0.5499999999999999,110776.8552
2023-10-07,2023,10,7,8166.7,113.27,148.47,166.27,0.4499999999999999,
2023-10-09,2023,10,9,7996.7,113.27,148.47,166.27,0.4071428571428571,114619.4775
2023-10-10,2023,10,10,8246.5,113.27,148.47,166.27,3.6666666666666665,116479.11810000002
2023-10-11,2023,10,11,6700.0,113.27,148.47,166.27,3.3633333333333333,115411.6152
2023-10-12,2023,10,12,6000.0,113.27,148.47,166.27,3.0599999999999996,111449.728
2023-10-13,2023,10,13,6000.0,113.27,148.47,166.27,2.7566666666666664,112688.394
2023-10-14,2023,10,14,6000.0,113.27,148.47,166.27,2.453333333333333,
2023-10-16,2023,10,16,4500.0,113.27,148.47,166.27,0.2,118692.1776
2023-10-17,2023,10,17,4800.0,113.27,148.47,166.27,0.7152777777777777,117378.645
2023-10-18,2023,10,18,4700.0,113.27,148.47,166.27,1.2305555555555554,118855.2255
2023-10-19,2023,10,19,6300.0,113.27,148.47,166.27,1.7458333333333331,119607.5552
2023-10-20,2023,10,20,6300.0,113.27,148.47,166.27,3.185714285714286,122519.8908
2023-10-21,2023,10,21,6300.0,113.27,148.47,166.27,0.0125,
2023-10-23,2023,10,23,6300.0,113.27,148.47,166.27,1.424642857142857,118829.92
2023-10-24,2023,10,24,6300.0,113.27,148.47,166.27,2.130714285714286,115758.8935
2023-10-25,2023,10,25,6300.0,113.27,148.47,166.27,2.8367857142857145,112507.81459999998
2023-10-26,2023,10,26,6300.0,113.27,148.47,166.27,3.542857142857143,115497.07300000002
2023-10-27,2023,10,27,6300.0,113.27,148.47,166.27,0.7285714285714285,113063.7021
2023-10-28,2023,10,28,6300.0,113.27,148.47,166.27,0.6244897959183673,
2023-10-30,2023,10,30,6300.0,113.27,148.47,166.27,0.4163265306122449,115349.25
2023-10-31,2023,10,31,6300.0,113.27,148.47,166.27,0.3122448979591836,111206.6091
2023-11-01,2023,11,1,6300.0,112.68,134.68,145.82,0.2081632653061224,110254.662
2024-08-02,2024,8,2,9750.0,114.54,155.65,182.81,6.0,105248.8666
2024-08-05,2024,8,5,6925.0,114.54,155.65,182.81,12.685714285714283,101696.6419
2024-08-06,2024,8,6,11500.0,114.54,155.65,182.81,6.6571428571428575,100312.2204
2024-08-07,2024,8,7,6975.0,114.54,155.65,182.81,3.86,99655.3176
2024-08-08,2024,8,8,8882.4,114.54,155.65,182.81,8.164705882352942,103820.3055
2024-08-09,2024,8,9,9163.2,114.54,155.65,182.81,4.55,104614.923
2024-08-10,2024,8,10,9517.9,114.54,155.65,182.81,0.0,
2024-08-12,2024,8,12,10841.6,114.54,155.65,182.81,0.7,105788.8794
2024-08-13,2024,8,13,9807.9,114.54,155.65,182.81,0.3999999999999999,108860.2506
2024-08-14,2024,8,14,9809.7,114.54,155.65,182.81,0.1,107886.0809
2024-08-15,2024,8,15,9319.5,114.54,155.65,182.81,5.855555555555555,105655.1088
2024-08-16,2024,8,16,9022.7,114.54,155.65,182.81,1.23,106164.728
2024-08-17,2024,8,17,9193.8,114.54,155.65,182.81,2.0571428571428574,
2024-08-19,2024,8,19,11539.6,114.54,155.65,182.81,0.2529411764705882,104544.7186
2024-08-20,2024,8,20,11680.2,114.54,155.65,182.81,13.428571428571429,100361.9736
2024-08-21,2024,8,21,12641.7,114.54,155.65,182.81,17.562962962962963,97421.432
2024-08-22,2024,8,22,11564.0,114.54,155.65,182.81,3.669565217391305,95615.8297
2024-08-23,2024,8,23,14342.6,114.54,155.65,182.81,0.0,97349.0688
2024-08-24,2024,8,24,11615.4,114.54,155.65,182.81,0.05,
2024-08-26,2024,8,26,14911.8,114.54,155.65,182.81,4.705263157894737,100836.77
2024-08-27,2024,8,27,14588.0,114.54,155.65,182.81,5.45909090909091,102273.016
2024-08-28,2024,8,28,13194.2,114.54,155.65,182.81,1.153333333333333,100645.2375
2024-08-29,2024,8,29,10866.5,114.54,155.65,182.81,5.950000000000001,98779.8986
2024-08-30,2024,8,30,11049.1,114.54,155.65,182.81,0.7,101475.3663
2024-08-31,2024,8,31,10216.85,114.54,155.65,182.81,1.68125,
2024-09-02,2024,9,2,9465.6,114.65,144.8,157.93,3.64375,97642.61
2024-09-03,2024,9,3,8849.6,114.65,144.8,157.93,1.5588235294117647,98401.5225
2024-09-04,2024,9,4,10251.6,114.65,144.8,157.93,0.7794117647058824,94246.1828
2024-09-05,2024,9,5,11326.6,114.65,144.8,157.93,0.0,92486.5332
2024-09-06,2024,9,6,10092.65,114.65,144.8,157.93,9.255555555555556,92459.1813
2024-09-07,2024,9,7,9870.45,114.65,144.8,157.93,2.020833333333333,
2024-09-09,2024,9,9,10259.4,114.65,144.8,157.93,0.075,91210.4001
2024-09-10,2024,9,10,9535.15,114.65,144.8,157.93,11.048214285714284,92359.1596
2024-09-11,2024,9,11,9207.6,114.65,144.8,157.93,22.02142857142857,89100.204
2024-09-12,2024,9,12,11602.05,114.65,144.8,157.93,18.33888888888889,90288.4481
2024-09-13,2024,9,13,11111.7,114.65,144.8,157.93,0.04,92689.6492
2024-09-14,2024,9,14,10086.3,114.65,144.8,157.93,0.025,
2024-09-16,2024,9,16,7637.05,114.65,144.8,157.93,0.5444444444444445,91984.8748
2024-09-20,2024,9,20,5433.4,114.65,144.8,157.93,47.525,95798.549
2024-09-21,2024,9,21,7277.5,114.65,144.8,157.93,160.10714285714286,
2024-09-23,2024,9,23,5056.95,114.65,144.8,157.93,0.1,95020.575
2024-09-24,2024,9,24,5462.5,114.65,144.8,157.93,5.25,94398.0856
2024-09-25,2024,9,25,4775.25,114.65,144.8,157.93,0.2666666666666666,94857.74760000002
2024-09-26,2024,9,26,4832.7,114.65,144.8,157.93,,92936.311
