날짜,월,일,전국_소비자지수,신선과실지수,사과_지수,total_rainfall,한화,이전날짜_가격,등급,가격(원)
2000-08-30,8,30,63.277,45.815,39.667,0.0,42019.50000000001,6666.666666666667,상,4666.666666666667
2000-08-31,8,31,63.277,45.815,39.667,31.195,42572.8,6666.666666666667,상,4666.666666666667
2000-09-01,9,1,64.098,45.629,39.667,1.125,42174.0,6666.666666666667,상,4666.666666666667
2000-09-02,9,2,64.098,45.629,39.667,0.2666666666666666,,6666.666666666667,상,4500.0
2000-09-04,9,4,64.098,45.629,39.667,0.5,,7833.333333333334,상,4333.333333333333
2000-09-05,9,5,64.098,45.629,39.667,0.25,43026.2,6500.0,상,4333.333333333333
2000-09-06,9,6,64.098,45.629,39.667,0.0,42964.1,6500.0,상,4333.333333333333
2000-09-07,9,7,64.098,45.629,39.667,3.6,44542.536,6000.0,상,4333.333333333333
2000-09-08,9,8,64.098,45.629,39.667,23.686666666666667,45069.165,6000.0,상,4000.0
2000-09-09,9,9,64.098,45.629,39.667,5.7631578947368425,,6000.0,상,4000.0
2000-09-10,9,10,64.098,45.629,39.667,0.7,,6000.0,상,2833.3333333333335
2000-09-11,9,11,64.098,45.629,39.667,5.945,42873.6,4416.666666666666,상,2833.3333333333335
2000-09-19,9,19,64.098,45.629,39.667,0.5636363636363636,46176.375,4416.666666666666,상,2033.3333333333333
2000-09-20,9,20,64.098,45.629,39.667,0.4954545454545455,45799.425,2666.6666666666665,상,2100.0
2001-08-28,8,28,66.245,56.142,48.029,0.0666666666666666,35070.45,2666.6666666666665,상,2200.0
2001-08-29,8,29,66.245,56.142,48.029,0.2333333333333333,36027.420000000006,3100.0,상,2200.0
2001-08-30,8,30,66.245,56.142,48.029,8.36875,35706.93,3100.0,상,2200.0
2001-08-31,8,31,66.245,56.142,48.029,5.634722222222223,34899.975,3100.0,상,2266.6666666666665
2001-09-01,9,1,66.182,55.351,48.029,2.9006944444444445,,3100.0,상,2266.6666666666665
2001-09-03,9,3,66.182,55.351,48.029,1.5714285714285714,,3100.0,상,2166.6666666666665
2001-09-04,9,4,66.182,55.351,48.029,0.0,35421.529,3033.3333333333335,상,2266.6666666666665
2001-09-05,9,5,66.182,55.351,48.029,0.3,34928.21,3166.6666666666665,상,2266.6666666666665
2001-09-06,9,6,66.182,55.351,48.029,0.4909090909090909,35234.545000000006,3166.6666666666665,상,2233.3333333333335
2001-09-07,9,7,66.182,55.351,48.029,1.1,36018.164000000004,3166.6666666666665,상,2233.3333333333335
2001-09-08,9,8,66.182,55.351,48.029,2.625,,3166.6666666666665,상,2200.0
2001-09-10,9,10,66.182,55.351,48.029,12.84,36539.035,3166.6666666666665,상,2200.0
2001-09-11,9,11,66.182,55.351,48.029,0.3833333333333333,,3266.6666666666665,상,2200.0
2001-09-12,9,12,66.182,55.351,48.029,0.175,,3266.6666666666665,상,2366.6666666666665
2001-09-13,9,13,66.182,55.351,48.029,1.9,,3400.0,상,2433.3333333333335
2001-09-14,9,14,66.182,55.351,48.029,20.2,39423.7,3433.3333333333335,상,2400.0
2001-09-15,9,15,66.182,55.351,48.029,17.744,,3333.3333333333335,상,2466.6666666666665
2001-09-17,9,17,66.182,55.351,48.029,12.832,36996.59,3433.3333333333335,상,2666.6666666666665
2001-09-18,9,18,66.182,55.351,48.029,10.376,37782.72,3666.6666666666665,상,2733.3333333333335
2001-09-19,9,19,66.182,55.351,48.029,7.92,36269.836,3600.0,상,2700.0
2001-09-20,9,20,66.182,55.351,48.029,3.223076923076923,35261.501,3600.0,상,2766.6666666666665
2001-09-21,9,21,66.182,55.351,48.029,1.23,35496.6,3700.0,상,2700.0
2001-09-22,9,22,66.182,55.351,48.029,0.8200000000000001,,3566.6666666666665,상,2700.0
2001-09-24,9,24,66.182,55.351,48.029,0.0,34068.86,3566.6666666666665,상,2500.0
2001-09-25,9,25,66.182,55.351,48.029,0.26,29514.874999999996,3333.3333333333335,상,2466.6666666666665
2001-09-26,9,26,66.182,55.351,48.029,0.13,29162.418000000005,3500.0,상,2366.6666666666665
2001-09-27,9,27,66.182,55.351,48.029,0.0,30102.105,3100.0,상,2300.0
2001-09-28,9,28,66.182,55.351,48.029,1.1,30102.376,3000.0,상,2300.0
2001-09-29,9,29,66.182,55.351,48.029,17.2775,,3000.0,상,2200.0
2001-09-30,9,30,66.182,55.351,48.029,33.455,,2866.6666666666665,상,2200.0
2002-08-23,8,23,67.824,63.026,70.813,2.725,35326.825000000004,2866.6666666666665,상,2933.3333333333335
2002-08-24,8,24,67.824,63.026,70.813,0.0,,4166.666666666667,상,2933.3333333333335
2002-08-26,8,26,67.824,63.026,70.813,0.8818181818181817,34760.159999999996,4166.666666666667,상,2933.3333333333335
2002-08-27,8,27,67.824,63.026,70.813,9.77777777777778,35538.75,4166.666666666667,상,2933.3333333333335
2002-08-28,8,28,67.824,63.026,70.813,8.966666666666667,35235.835,4166.666666666667,상,2666.6666666666665
2002-08-29,8,29,67.824,63.026,70.813,0.9363636363636364,34483.735,3666.6666666666665,상,2666.6666666666665
2002-08-30,8,30,67.824,63.026,70.813,10.05,35004.875,3833.3333333333335,상,2666.6666666666665
2002-08-31,8,31,67.824,63.026,70.813,157.4047619047619,,3833.3333333333335,상,2666.6666666666665
2002-09-02,9,2,68.204,62.653,70.813,0.0,,3833.3333333333335,상,3066.6666666666665
2002-09-03,9,3,68.204,62.653,70.813,0.0,34814.5,4500.0,상,3066.6666666666665
2002-09-04,9,4,68.204,62.653,70.813,0.0,33514.74,4500.0,상,3166.6666666666665
2002-09-05,9,5,68.204,62.653,70.813,15.357142857142858,34022.17,4833.333333333333,상,3000.0
2002-09-06,9,6,68.204,62.653,70.813,9.966666666666669,34855.515,4500.0,상,2933.3333333333335
2002-09-07,9,7,68.204,62.653,70.813,6.644444444444446,,4233.333333333333,상,2966.6666666666665
2002-09-09,9,9,68.204,62.653,70.813,0.0,35424.86,4266.666666666667,상,2966.6666666666665
2002-09-10,9,10,68.204,62.653,70.813,0.9,35810.450000000004,4266.666666666667,상,2900.0
2002-09-11,9,11,68.204,62.653,70.813,0.0,35627.592000000004,4233.333333333333,상,2800.0
2002-09-12,9,12,68.204,62.653,70.813,1.053846153846154,35744.839,4166.666666666667,상,2866.6666666666665
2002-09-13,9,13,68.204,62.653,70.813,2.505,34658.94,4266.666666666667,상,2766.6666666666665
2002-09-14,9,14,68.204,62.653,70.813,0.3636363636363636,,4000.0,상,2766.6666666666665
2002-09-16,9,16,68.204,62.653,70.813,40.47619047619048,35624.325000000004,4000.0,상,2566.6666666666665
2002-09-17,9,17,68.204,62.653,70.813,0.5,35404.56,3933.3333333333335,상,2466.6666666666665
2002-09-18,9,18,68.204,62.653,70.813,0.3333333333333333,34588.665,3900.0,상,2366.6666666666665
2002-09-19,9,19,68.204,62.653,70.813,0.1666666666666666,34964.754,3866.6666666666665,상,2033.3333333333333
2002-09-20,9,20,68.204,62.653,70.813,0.0,35090.25,3366.6666666666665,상,2033.3333333333333
2002-09-24,9,24,68.204,62.653,70.813,0.05,36737.715,3366.6666666666665,상,1766.6666666666667
2002-09-25,9,25,68.204,62.653,70.813,0.0,36514.19,2700.0,상,1600.0
2002-09-26,9,26,68.204,62.653,70.813,0.44,36546.72,2466.6666666666665,상,1400.0
2002-09-27,9,27,68.204,62.653,70.813,0.8800000000000001,35829.81,1966.6666666666667,상,1333.3333333333333
2002-09-28,9,28,68.204,62.653,70.813,11.085714285714284,,1800.0,상,1333.3333333333333
2003-08-18,8,18,69.845,58.885,49.046,58.642857142857146,37055.385,1766.6666666666667,상,5066.666666666667
2003-08-19,8,19,69.845,58.885,49.046,50.30952380952381,36372.975,7166.666666666667,상,4500.0
2003-08-20,8,20,69.845,58.885,49.046,14.6,36368.025,7166.666666666667,상,4500.0
2003-08-21,8,21,69.845,58.885,49.046,13.0125,36958.2,7166.666666666667,상,4666.666666666667
2003-08-22,8,22,69.845,58.885,49.046,0.0,38148.3,7166.666666666667,상,4500.0
2003-08-23,8,23,69.845,58.885,49.046,2.583333333333333,,7166.666666666667,상,4233.333333333333
2003-08-25,8,25,69.845,58.885,49.046,23.714285714285715,38427.014,6833.333333333333,상,3833.3333333333335
2003-08-26,8,26,69.845,58.885,49.046,0.5055555555555555,37941.75,6333.333333333333,상,3500.0
2003-08-27,8,27,69.845,58.885,49.046,34.333333333333336,38341.5975,6333.333333333333,상,3566.6666666666665
2003-08-28,8,28,69.845,58.885,49.046,4.0,37602.4815,6666.666666666667,상,3100.0
2003-08-29,8,29,69.845,58.885,49.046,0.3538461538461538,37960.15,5500.0,상,3100.0
2003-08-30,8,30,69.845,58.885,49.046,16.928571428571427,,5666.666666666667,상,3500.0
2003-09-01,9,1,70.477,61.769,49.046,0.6833333333333332,,6500.0,상,4583.333333333333
2003-09-02,9,2,70.477,61.769,49.046,16.238095238095237,37451.544,7650.0,상,4800.0
2003-09-03,9,3,70.477,61.769,49.046,7.1571428571428575,35178.75,7933.333333333334,상,4200.0
2003-09-04,9,4,70.477,61.769,49.046,0.0,35192.75,6850.0,상,4083.333333333333
2003-09-05,9,5,70.477,61.769,49.046,4.116666666666666,34505.840000000004,6700.0,상,4033.333333333333
2003-09-06,9,6,70.477,61.769,49.046,5.285714285714286,,6433.333333333334,상,4333.333333333333
2003-09-08,9,8,70.477,61.769,49.046,8.56111111111111,34415.128,6716.666666666666,상,3716.666666666667
2003-09-09,9,9,70.477,61.769,49.046,31.452380952380956,34254.255000000005,6150.0,상,3583.333333333333
2003-09-10,9,10,70.477,61.769,49.046,0.14375,34645.799999999996,5766.666666666666,상,3583.333333333333
2003-09-15,9,15,70.477,61.769,49.046,0.0,33543.99,5766.666666666666,상,2433.3333333333335
2003-09-16,9,16,70.477,61.769,49.046,2.1507936507936507,33331.83,4100.0,상,2333.3333333333335
2003-09-17,9,17,70.477,61.769,49.046,4.301587301587301,32768.84,4366.666666666667,상,2333.3333333333335
2003-09-18,9,18,70.477,61.769,49.046,6.4523809523809526,32140.29,4233.333333333333,상,2033.3333333333333
2003-09-19,9,19,70.477,61.769,49.046,4.128571428571429,32299.314,3666.6666666666665,상,2066.6666666666665
2003-09-20,9,20,70.477,61.769,49.046,0.6,,3233.3333333333335,상,2066.6666666666665
2003-09-22,9,22,70.477,61.769,49.046,0.08,32215.664999999997,3000.0,상,2166.6666666666665
2003-09-23,9,23,70.477,61.769,49.046,0.0,32430.675,3000.0,상,2066.6666666666665
2003-09-24,9,24,70.477,61.769,49.046,1.5,32457.824999999997,2800.0,상,2166.6666666666665
2003-09-25,9,25,70.477,61.769,49.046,0.29,33873.88,2933.3333333333335,상,2166.6666666666665
2003-09-26,9,26,70.477,61.769,49.046,1.1175,33876.515,3000.0,상,2200.0
2003-09-27,9,27,70.477,61.769,49.046,1.945,,2900.0,상,2333.3333333333335
2003-09-29,9,29,70.477,61.769,49.046,3.6,33896.471999999994,3266.6666666666665,상,2233.3333333333335
2003-09-30,9,30,70.477,61.769,49.046,1.875,33943.899,3000.0,상,2166.6666666666665
2003-10-01,10,1,70.539,69.956,53.813,0.15,34912.955,2933.3333333333335,상,2066.6666666666665
2003-10-02,10,2,70.539,69.956,53.813,0.075,35194.975,2900.0,상,2066.6666666666665
2003-10-03,10,3,70.539,69.956,53.813,0.0,35606.570999999996,2900.0,상,2033.3333333333333
2004-08-17,8,17,73.191,74.607,75.893,10.045,51529.95,2700.0,상,2200.0
2004-08-18,8,18,73.191,74.607,75.893,123.11904761904762,52418.4375,3733.3333333333335,상,2833.3333333333335
2004-08-19,8,19,73.191,74.607,75.893,55.023809523809526,52809.455,5250.0,상,3166.6666666666665
2004-08-20,8,20,73.191,74.607,75.893,1.6157894736842104,54507.53,5000.0,상,3000.0
2004-08-21,8,21,73.191,74.607,75.893,0.5375,,4833.333333333334,상,3166.6666666666665
2004-08-23,8,23,73.191,74.607,75.893,51.785714285714285,52029.315,5083.333333333334,상,3666.6666666666665
2004-08-24,8,24,73.191,74.607,75.893,0.35625,50876.0,5916.666666666666,상,4333.333333333333
2004-08-25,8,25,73.191,74.607,75.893,1.34,49958.02,6000.0,상,4233.333333333333
2004-08-26,8,26,73.191,74.607,75.893,2.855555555555556,48133.47,6250.0,상,5233.333333333333
2004-08-27,8,27,73.191,74.607,75.893,0.0,47936.175,7983.333333333334,상,3616.666666666667
2004-08-28,8,28,73.191,74.607,75.893,0.4688888888888889,,5966.666666666666,상,3116.666666666667
2004-08-30,8,30,73.191,74.607,75.893,1.4066666666666667,48104.417,5083.333333333334,상,2900.0
2004-08-31,8,31,73.191,74.607,75.893,1.5,46538.375,4116.666666666667,상,2850.0
2004-09-01,9,1,73.191,74.002,75.893,0.45,46047.285,4483.333333333333,상,3283.333333333333
2004-09-02,9,2,73.191,74.002,75.893,0.0,47877.34,4866.666666666667,상,3650.0
2004-09-03,9,3,73.191,74.002,75.893,0.0,47485.425,5183.333333333333,상,3583.333333333333
2004-09-04,9,4,73.191,74.002,75.893,0.0,,4750.0,상,3600.0
2004-09-06,9,6,73.191,74.002,75.893,16.895238095238096,,4805.555555555556,상,3416.666666666667
2004-09-07,9,7,73.191,74.002,75.893,40.785714285714285,46903.105,4861.11111111111,상,3300.0
2004-09-08,9,8,73.191,74.002,75.893,5.0625,45856.42,4505.555555555556,상,3183.333333333333
2004-09-09,9,9,73.191,74.002,75.893,0.1777777777777777,45486.085,4416.666666666667,상,3083.333333333333
2004-09-10,9,10,73.191,74.002,75.893,2.3142857142857145,47383.37999999999,3894.444444444445,상,3183.333333333333
2004-09-11,9,11,73.191,74.002,75.893,32.95238095238095,,4227.777777777777,상,3100.0
2004-09-13,9,13,73.191,74.002,75.893,4.21578947368421,45972.26700000001,4394.444444444444,상,3350.0
2004-09-14,9,14,73.191,74.002,75.893,0.3444444444444444,46274.7,4083.3333333333335,상,3350.0
2004-09-15,9,15,73.191,74.002,75.893,1.518181818181818,46533.124,4027.777777777778,상,3466.666666666667
2004-09-16,9,16,73.191,74.002,75.893,22.166666666666668,45753.75,4433.333333333333,상,3633.333333333333
2004-09-17,9,17,73.191,74.002,75.893,6.3052631578947365,46166.49,4911.11111111111,상,4483.333333333333
2004-09-18,9,18,73.191,74.002,75.893,21.38095238095238,,5877.777777777777,상,4450.0
2004-09-20,9,20,73.191,74.002,75.893,34.023809523809526,47678.022,6011.11111111111,상,4233.333333333333
2004-09-21,9,21,73.191,74.002,75.893,1.1307692307692307,48482.1,5733.333333333333,상,4766.666666666667
2004-09-22,9,22,73.191,74.002,75.893,0.0,48596.625,5700.0,상,5050.0
2004-09-23,9,23,73.191,74.002,75.893,0.5,50380.7,6427.777777777777,상,4416.666666666667
2004-09-24,9,24,73.191,74.002,75.893,0.25,50553.472,5338.888888888889,상,4450.0
2004-09-25,9,25,73.191,74.002,75.893,0.0,,6150.0,상,3700.0
2004-09-26,9,26,73.191,74.002,75.893,0.4444444444444444,,5333.333333333334,상,3700.0
2004-09-27,9,27,73.191,74.002,75.893,2.65,51689.625,5333.333333333334,상,3700.0
2004-10-01,10,1,73.191,79.956,85.781,0.075,52682.932,5333.333333333334,상,3700.0
2004-10-02,10,2,73.191,79.956,85.781,13.5,,5333.333333333334,상,3700.0
2005-08-18,8,18,74.636,77.289,101.401,7.136842105263158,66629.49299999999,5333.333333333334,상,3200.0
2005-08-19,8,19,74.636,77.289,101.401,19.08095238095238,66408.02999999998,5333.333333333333,상,3566.6666666666665
2005-08-20,8,20,74.636,77.289,101.401,46.42857142857143,,4833.333333333333,상,4666.666666666667
2005-08-22,8,22,74.636,77.289,101.401,10.095238095238097,68781.18000000001,7666.666666666667,상,4233.333333333333
2005-08-23,8,23,74.636,77.289,101.401,1.0,69352.646,5500.0,상,5333.333333333333
2005-08-24,8,24,74.636,77.289,101.401,22.59523809523809,69309.765,6833.333333333333,상,5100.0
2005-08-25,8,25,74.636,77.289,101.401,23.69047619047619,70746.795,6500.0,상,5000.0
2005-08-26,8,26,74.636,77.289,101.401,0.4599999999999999,70682.625,7000.0,상,4100.0
2005-08-27,8,27,74.636,77.289,101.401,0.2299999999999999,,5766.666666666667,상,4400.0
2005-08-29,8,29,74.636,77.289,101.401,0.0133333333333333,71326.84999999999,6666.666666666667,상,3866.6666666666665
2005-08-30,8,30,74.636,77.289,101.401,0.0266666666666666,70372.34,6000.0,상,3433.3333333333335
2005-08-31,8,31,74.636,77.289,101.401,0.0,72922.875,4766.666666666667,상,3500.0
2005-09-01,9,1,75.008,77.523,101.401,1.323076923076923,71575.625,5000.0,상,3500.0
2005-09-02,9,2,75.008,77.523,101.401,4.18,72273.16000000002,5166.666666666667,상,2766.6666666666665
2005-09-03,9,3,75.008,77.523,101.401,2.833333333333333,,4000.0,상,2766.6666666666665
2005-09-05,9,5,75.008,77.523,101.401,2.011111111111111,,4000.0,상,3133.3333333333335
2005-09-06,9,6,75.008,77.523,101.401,56.23809523809524,69497.09999999999,4533.333333333333,상,2966.6666666666665
2005-09-07,9,7,75.008,77.523,101.401,20.5,69154.415,4600.0,상,3100.0
2005-09-08,9,8,75.008,77.523,101.401,17.369047619047617,67436.45999999999,4500.0,상,2900.0
2005-09-09,9,9,75.008,77.523,101.401,14.238095238095235,67651.287,4400.0,상,4100.0
2005-09-10,9,10,75.008,77.523,101.401,4.172222222222222,,5450.0,상,4250.0
2005-09-12,9,12,75.008,77.523,101.401,0.0,67235.615,6400.0,상,4416.666666666667
2005-09-13,9,13,75.008,77.523,101.401,6.704761904761905,66196.936,6000.0,상,4116.666666666667
2005-09-14,9,14,75.008,77.523,101.401,4.28125,65556.819,5916.666666666666,상,4100.0
2005-09-15,9,15,75.008,77.523,101.401,0.25,67476.36499999999,6133.333333333333,상,3650.0
2005-09-16,9,16,75.008,77.523,101.401,0.125,66841.56999999999,4583.333333333333,상,3900.0
2005-09-17,9,17,75.008,77.523,101.401,0.0,,4883.333333333333,상,3900.0
2005-09-21,9,21,75.008,77.523,101.401,21.261904761904763,68478.102,4883.333333333333,상,2783.333333333333
2005-09-22,9,22,75.008,77.523,101.401,15.185714285714283,69457.15,3133.333333333333,상,2066.6666666666665
2005-09-23,9,23,75.008,77.523,101.401,1.7833333333333334,69422.966,2700.0,상,2700.0
2005-09-24,9,24,75.008,77.523,101.401,0.2,,3333.3333333333335,상,2700.0
2005-09-26,9,26,75.008,77.523,101.401,0.0,65698.46399999999,3333.3333333333335,상,2366.6666666666665
2005-09-27,9,27,75.008,77.523,101.401,0.0,68203.17,3000.0,상,2400.0
2005-09-28,9,28,75.008,77.523,101.401,0.0,67745.408,3000.0,상,2066.6666666666665
2005-09-29,9,29,75.008,77.523,101.401,0.0,68562.39,2533.3333333333335,상,2100.0
2005-09-30,9,30,75.008,77.523,101.401,10.071428571428571,69301.304,2566.6666666666665,상,1966.6666666666667
2005-10-01,10,1,74.859,73.413,95.562,9.77142857142857,,3000.0,상,1700.0
2005-10-03,10,3,74.859,73.413,95.562,0.4384615384615384,68391.22,1966.6666666666667,상,2133.3333333333335
2005-10-04,10,4,74.859,73.413,95.562,3.8333333333333335,67787.1,2833.3333333333335,상,2166.6666666666665
2005-10-05,10,5,74.859,73.413,95.562,0.25,66177.351,2666.6666666666665,상,2233.3333333333335
2005-10-06,10,6,74.859,73.413,95.562,0.0,64902.655999999995,2733.3333333333335,상,2166.6666666666665
2005-10-07,10,7,74.859,73.413,95.562,1.64,63577.35999999999,2800.0,상,2166.6666666666665
2005-10-08,10,8,74.859,73.413,95.562,5.3,,2966.6666666666665,상,2433.3333333333335
2005-10-10,10,10,74.859,73.413,95.562,0.0,63897.039,2766.6666666666665,상,2266.6666666666665
2005-10-11,10,11,74.859,73.413,95.562,0.0333333333333333,64097.670000000006,2566.6666666666665,상,2366.6666666666665
2005-10-12,10,12,74.859,73.413,95.562,0.0666666666666666,65745.70100000002,2666.6666666666665,상,2166.6666666666665
2005-10-13,10,13,74.859,73.413,95.562,0.1,66087.33,2333.3333333333335,상,2100.0
2005-10-14,10,14,74.859,73.413,95.562,1.052941176470588,64569.50499999999,2433.3333333333335,상,1600.0
2005-10-15,10,15,74.859,73.413,95.562,0.526470588235294,,1700.0,상,1533.3333333333333
2006-08-21,8,21,76.645,75.041,74.429,5.077777777777778,67602.024,1766.6666666666667,상,3666.6666666666665
2006-08-22,8,22,76.645,75.041,74.429,16.716666666666665,68950.66500000001,5166.666666666667,상,4666.666666666667
2006-08-23,8,23,76.645,75.041,74.429,3.5733333333333333,70081.7,6400.0,상,5333.333333333333
2006-08-24,8,24,76.645,75.041,74.429,11.321052631578947,68869.98000000001,7666.666666666667,상,5333.333333333333
2006-08-25,8,25,76.645,75.041,74.429,11.647058823529411,69895.28,6533.333333333333,상,4533.333333333333
2006-08-26,8,26,76.645,75.041,74.429,1.4714285714285715,,6166.666666666667,상,4466.666666666667
2006-08-28,8,28,76.645,75.041,74.429,10.86904761904762,69015.98,6333.333333333333,상,4166.666666666667
2006-08-29,8,29,76.645,75.041,74.429,1.4285714285714286,67366.806,5833.333333333333,상,4466.666666666667
2006-08-30,8,30,76.645,75.041,74.429,12.738095238095235,66504.764,7200.0,상,3600.0
2006-08-31,8,31,76.645,75.041,74.429,0.125,67212.8225,5833.333333333333,상,4333.333333333333
2006-09-01,9,1,76.868,74.033,74.429,0.1333333333333333,67200.75450000001,5666.666666666667,상,3950.0
2006-09-02,9,2,76.868,74.033,74.429,0.0,,5100.0,상,4450.0
2006-09-04,9,4,76.868,74.033,74.429,1.125,,5166.666666666667,상,3433.3333333333335
2006-09-05,9,5,76.868,74.033,74.429,3.2857142857142856,66078.35,4933.333333333333,상,2733.3333333333335
2006-09-06,9,6,76.868,74.033,74.429,8.476190476190476,65756.40250000001,3866.6666666666665,상,2533.3333333333335
2006-09-07,9,7,76.868,74.033,74.429,0.0,64797.337499999994,3766.6666666666665,상,2333.3333333333335
2006-09-08,9,8,76.868,74.033,74.429,0.5,64243.2,2933.3333333333335,상,2433.3333333333335
2006-09-09,9,9,76.868,74.033,74.429,0.3571428571428571,,3333.3333333333335,상,2366.6666666666665
2006-09-11,9,11,76.868,74.033,74.429,1.3,62986.742000000006,3000.0,상,2500.0
2006-09-12,9,12,76.868,74.033,74.429,1.518181818181818,62179.32,3300.0,상,2900.0
2006-09-13,9,13,76.868,74.033,74.429,0.25,60210.696,3550.0,상,2983.333333333333
2006-09-14,9,14,76.868,74.033,74.429,0.1,60680.52049999999,3883.333333333333,상,3116.666666666667
2006-09-15,9,15,76.868,74.033,74.429,12.790476190476191,59595.412500000006,4683.333333333333,상,3200.0
2006-09-16,9,16,76.868,74.033,74.429,5.571428571428571,,3950.0,상,3083.333333333333
2006-09-18,9,18,76.868,74.033,74.429,15.976190476190476,59512.3515,4116.666666666667,상,3133.333333333333
2006-09-19,9,19,76.868,74.033,74.429,0.0,59868.9525,4016.666666666667,상,3233.333333333333
2006-09-20,9,20,76.868,74.033,74.429,0.0,57868.43,4333.333333333333,상,3800.0
2006-09-21,9,21,76.868,74.033,74.429,0.0,57298.2225,4866.666666666667,상,3500.0
2006-09-22,9,22,76.868,74.033,74.429,0.0,57843.8685,4516.666666666667,상,3683.333333333333
2006-09-23,9,23,76.868,74.033,74.429,0.0,,4783.333333333333,상,3316.666666666667
2006-09-25,9,25,76.868,74.033,74.429,0.0,56357.85,4516.666666666667,상,3783.333333333333
2006-09-26,9,26,76.868,74.033,74.429,0.0,57584.64,5250.0,상,3816.666666666667
2006-09-27,9,27,76.868,74.033,74.429,0.0,57086.418000000005,4566.666666666667,상,3800.0
2006-09-28,9,28,76.868,74.033,74.429,0.0,58851.557,5350.0,상,3616.666666666667
2006-09-29,9,29,76.868,74.033,74.429,0.0,58800.06,4833.333333333333,상,3533.333333333333
2006-09-30,9,30,76.868,74.033,74.429,0.1333333333333333,,4700.0,상,3583.3333333333335
2006-10-02,10,2,76.496,77.6,80.546,0.0,59163.88,5266.666666666667,상,3450.0
2006-10-03,10,3,76.496,77.6,80.546,0.0,56999.355,4466.666666666667,상,2733.3333333333335
2006-10-04,10,4,76.496,77.6,80.546,0.0,54890.55,3333.3333333333335,상,3450.0
2006-10-05,10,5,76.496,77.6,80.546,0.0,55881.576,4466.666666666667,상,3450.0
2006-10-09,10,9,76.496,77.6,80.546,0.0,55644.105,4466.666666666667,상,3033.3333333333335
2006-10-10,10,10,76.496,77.6,80.546,0.0,55738.5125,3866.6666666666665,상,2200.0
2006-10-11,10,11,76.496,77.6,80.546,0.025,54312.412,2833.3333333333335,상,1833.3333333333333
2006-10-12,10,12,76.496,77.6,80.546,0.05,53448.009999999995,2166.6666666666665,상,1700.0
2006-10-13,10,13,76.496,77.6,80.546,0.1,54317.457,1933.3333333333333,상,1533.3333333333333
2006-10-14,10,14,76.496,77.6,80.546,0.0666666666666666,,1900.0,상,1733.3333333333333
2006-10-16,10,16,76.496,77.6,80.546,0.0,54825.147,2000.0,상,1500.0
2006-10-17,10,17,76.496,77.6,80.546,0.5,55765.432499999995,1666.6666666666667,상,1900.0
2006-10-18,10,18,76.496,77.6,80.546,10.5,54821.16,2066.6666666666665,상,1100.0
2006-10-19,10,19,76.496,77.6,80.546,0.0,53546.844000000005,1200.0,상,2233.3333333333335
2006-10-20,10,20,76.496,77.6,80.546,1.46,53968.088,2466.6666666666665,상,1266.6666666666667
2006-10-21,10,21,76.496,77.6,80.546,0.0,,1333.3333333333333,상,1266.6666666666667
2006-10-23,10,23,76.496,77.6,80.546,5.8125,54592.398,1333.3333333333333,상,2100.0
2006-10-24,10,24,76.496,77.6,80.546,2.5,53872.572,2533.3333333333335,상,2100.0
2006-10-25,10,25,76.496,77.6,80.546,1.6666666666666667,55013.7,2533.3333333333335,상,2100.0
2007-08-27,8,27,78.208,80.933,87.312,5.083333333333333,65030.016,2533.3333333333335,상,3151.133333333333
2007-08-28,8,28,78.208,80.933,87.312,25.44761904761905,65867.196,4410.6,상,3146.3333333333335
2007-08-29,8,29,78.208,80.933,87.312,52.69047619047619,65409.804,4220.666666666667,상,3198.9333333333334
2007-08-30,8,30,78.208,80.933,87.312,19.071428571428573,67160.625,4457.0,상,3612.733333333333
2007-08-31,8,31,78.208,80.933,87.312,1.727777777777778,67461.76,4658.2,상,4198.2
2007-09-01,9,1,78.655,79.77,87.312,76.35714285714286,,5213.533333333334,상,3821.8
2007-09-03,9,3,78.655,79.77,87.312,1.8333333333333333,,4899.333333333333,상,4633.733333333334
2007-09-04,9,4,78.655,79.77,87.312,15.404761904761903,67633.28000000001,5576.2,상,4366.966666666667
2007-09-05,9,5,78.655,79.77,87.312,42.73809523809524,68779.872,5100.166666666666,상,4326.5
2007-09-06,9,6,78.655,79.77,87.312,21.547619047619047,69612.31199999999,5396.866666666667,상,4252.700000000001
2007-09-07,9,7,78.655,79.77,87.312,3.761904761904762,70202.394,5237.5,상,3471.166666666667
2007-09-08,9,8,78.655,79.77,87.312,1.5833333333333333,,4114.7,상,3872.633333333333
2007-09-10,9,10,78.655,79.77,87.312,1.1944444444444444,70129.112,4887.633333333333,상,4266.566666666667
2007-09-11,9,11,78.655,79.77,87.312,1.0,71450.115,5332.2,상,4213.733333333334
2007-09-12,9,12,78.655,79.77,87.312,0.0,71676.628,5506.633333333333,상,4511.166666666666
2007-09-13,9,13,78.655,79.77,87.312,0.1666666666666666,73086.84000000001,5687.366666666667,상,4280.366666666667
2007-09-14,9,14,78.655,79.77,87.312,25.11904761904762,73318.608,5336.799999999999,상,4183.4
2007-09-15,9,15,78.655,79.77,87.312,57.11904761904762,,5394.033333333333,상,4071.8
2007-09-17,9,17,78.655,79.77,87.312,6.776190476190477,72351.965,5171.633333333333,상,3788.5
2007-09-18,9,18,78.655,79.77,87.312,0.8142857142857144,74241.609,5002.733333333334,상,3730.9
2007-09-19,9,19,78.655,79.77,87.312,0.0999999999999999,75547.098,5284.8,상,3805.3
2007-09-20,9,20,78.655,79.77,87.312,0.7555555555555555,75028.14,5391.333333333333,상,3110.633333333333
2007-09-21,9,21,78.655,79.77,87.312,0.1611111111111111,75082.21800000001,4326.766666666666,상,3324.7666666666664
2007-09-22,9,22,78.655,79.77,87.312,2.738095238095238,,4524.466666666667,상,3324.7666666666664
2007-09-23,9,23,78.655,79.77,87.312,2.389473684210526,,4524.466666666667,상,2989.8
2007-09-24,9,24,78.655,79.77,87.312,14.857142857142858,74535.84,4124.033333333333,상,2989.8
2007-09-28,9,28,78.655,79.77,87.312,3.657894736842105,74721.36,4124.033333333333,상,3213.7666666666664
2007-09-29,9,29,78.655,79.77,87.312,0.4583333333333333,,3860.0,상,3067.2666666666664
2007-10-01,10,1,78.803,77.211,85.274,0.025,73869.3,3775.0,상,3069.0666666666666
2007-10-02,10,2,78.803,77.211,85.274,0.0,72739.485,3606.4,상,1617.2666666666669
2007-10-03,10,3,78.803,77.211,85.274,0.1428571428571428,72848.84,2292.133333333333,상,1311.0666666666666
2007-10-04,10,4,78.803,77.211,85.274,1.3857142857142857,72325.53600000001,1837.9333333333336,상,1458.0
2007-10-05,10,5,78.803,77.211,85.274,0.3,73772.82,1722.4,상,969.5333333333332
2007-10-06,10,6,78.803,77.211,85.274,11.795,,1272.7333333333331,상,1175.4
2007-10-08,10,8,78.803,77.211,85.274,5.333333333333333,73607.325,1508.3333333333333,상,1193.4
2007-10-09,10,9,78.803,77.211,85.274,0.375,71872.96800000001,1573.3333333333333,상,1289.8
2007-10-10,10,10,78.803,77.211,85.274,0.25,73116.519,1789.7333333333331,상,1423.8666666666666
2007-10-11,10,11,78.803,77.211,85.274,0.7999999999999999,74712.75,1533.3333333333333,상,1615.2666666666669
2008-08-18,8,18,82.598,70.468,75.726,6.613636363636363,123169.14,3600.0,상,6369.2
2008-08-19,8,19,82.598,70.468,75.726,0.4875,123318.1775,8666.666666666666,상,3846.8
2008-08-20,8,20,82.598,70.468,75.726,8.353846153846153,126131.7825,4633.333333333334,상,4574.466666666667
2008-08-21,8,21,82.598,70.468,75.726,3.3857142857142857,128517.705,5844.466666666667,상,6073.3
2008-08-22,8,22,82.598,70.468,75.726,33.20454545454545,134495.07499999998,6511.133333333334,상,5279.033333333333
2008-08-23,8,23,82.598,70.468,75.726,2.0466666666666664,,5933.333333333333,상,6567.733333333334
2008-08-25,8,25,82.598,70.468,75.726,0.285,128808.339,6368.333333333333,상,5440.200000000001
2008-08-26,8,26,82.598,70.468,75.726,0.25,133269.675,6262.311111111111,상,5044.233333333334
2008-08-27,8,27,82.598,70.468,75.726,0.1,133155.9,5580.311111111111,상,4560.333333333334
2008-08-28,8,28,82.598,70.468,75.726,0.2333333333333333,132362.832,5001.400000000001,상,4112.2
2008-08-29,8,29,82.598,70.468,75.726,0.05,128742.9375,5083.644444444445,상,4253.833333333333
2008-08-30,8,30,82.598,70.468,75.726,0.25,,4759.311111111111,상,4189.8
2008-09-01,9,1,82.673,68.762,75.726,5.927272727272728,,4682.233333333333,상,4228.633333333333
2008-09-02,9,2,82.673,68.762,75.726,8.386363636363637,132047.80000000002,5609.766666666666,상,3934.8
2008-09-03,9,3,82.673,68.762,75.726,0.0,126842.144,5785.633333333333,상,3836.7333333333336
2008-09-04,9,4,82.673,68.762,75.726,0.7366666666666667,126006.92,5321.666666666666,상,4251.8
2008-09-05,9,5,82.673,68.762,75.726,1.4733333333333334,124031.92,5186.666666666667,상,3823.4
2008-09-06,9,6,82.673,68.762,75.726,2.21,,5424.333333333334,상,3966.7
2008-09-08,9,8,82.673,68.762,75.726,1.155,125625.725,5565.233333333334,상,3200.133333333333
2008-09-09,9,9,82.673,68.762,75.726,0.6275,128146.657,4178.533333333334,상,3685.3
2008-09-10,9,10,82.673,68.762,75.726,0.1,121117.22,5708.833333333334,상,3613.8
2008-09-11,9,11,82.673,68.762,75.726,0.04,121974.165,5294.9,상,2939.3999999999996
2008-09-12,9,12,82.673,68.762,75.726,0.1999999999999999,124035.1875,4934.0,상,3287.4666666666667
2008-09-13,9,13,82.673,68.762,75.726,0.0,,4489.3,상,3287.4666666666667
2008-09-17,9,17,82.673,68.762,75.726,0.1,124216.904,4489.3,상,2560.5666666666666
2008-09-18,9,18,82.673,68.762,75.726,0.1,135075.81,3299.9666666666667,상,2634.6666666666665
2008-09-19,9,19,82.673,68.762,75.726,4.193181818181818,136943.895,3439.7,상,2306.0666666666666
2008-09-20,9,20,82.673,68.762,75.726,8.286363636363637,,2747.2666666666664,상,2003.7333333333331
2008-09-22,9,22,82.673,68.762,75.726,0.0,131417.19150000002,2442.5666666666666,상,1690.5
2008-09-23,9,23,82.673,68.762,75.726,2.8944444444444444,128689.033,2132.6,상,1648.6666666666667
2008-09-24,9,24,82.673,68.762,75.726,1.125,128658.176,1986.7666666666669,상,1504.5666666666666
2008-09-25,9,25,82.673,68.762,75.726,1.7166666666666666,135442.4785,1919.7666666666669,상,1371.4
2008-09-26,9,26,82.673,68.762,75.726,0.0,140774.66999999998,1845.7666666666669,상,1429.1999999999998
2008-09-27,9,27,82.673,68.762,75.726,0.0,,1822.9333333333336,상,1401.4666666666667
2008-09-29,9,29,82.673,68.762,75.726,2.636363636363636,135461.697,2003.9666666666667,상,1592.6
2008-09-30,9,30,82.673,68.762,75.726,0.2,125803.98,1802.8666666666668,상,1764.3000000000002
2008-10-01,10,1,82.598,70.081,75.819,0.7749999999999999,134551.967,2076.4,상,1817.8333333333337
2008-10-02,10,2,82.598,70.081,75.819,1.35,134021.03850000002,2123.6000000000004,상,2064.6
2008-10-03,10,3,82.598,70.081,75.819,1.925,130019.79,3536.4,상,1734.5666666666666
2008-10-04,10,4,82.598,70.081,75.819,2.5,,1907.0666666666664,상,1967.2
2008-10-06,10,6,82.598,70.081,75.819,0.4384615384615384,129698.875,3430.3,상,1941.8666666666668
2008-10-07,10,7,82.598,70.081,75.819,0.5,130321.952,3305.133333333333,상,2100.2333333333336
2008-10-08,10,8,82.598,70.081,75.819,0.8333333333333334,129235.08,3970.833333333333,상,1975.2
2008-10-09,10,9,82.598,70.081,75.819,0.025,121260.84,3370.8333333333335,상,1845.0666666666664
2008-10-10,10,10,82.598,70.081,75.819,0.15,106408.79700000002,3241.3333333333335,상,1886.0
2008-10-11,10,11,82.598,70.081,75.819,1.9310606060606064,,3328.4,상,1989.6333333333332
2008-10-13,10,13,82.598,70.081,75.819,5.49318181818182,105269.66800000002,3370.8333333333335,상,2208.5333333333333
2008-10-14,10,14,82.598,70.081,75.819,7.274242424242426,102655.8,3570.8333333333335,상,2208.5333333333333
2008-10-15,10,15,82.598,70.081,75.819,9.055303030303032,98173.6875,3570.8333333333335,상,1948.3
2009-08-14,8,14,84.384,72.096,75.912,0.0,88302.40500000001,2800.0,상,5325.6
2009-08-15,8,15,84.384,72.096,75.912,0.09375,,7619.066666666667,상,4035.266666666667
2009-08-17,8,17,84.384,72.096,75.912,0.3222222222222222,84510.965,5416.666666666667,상,3643.2
2009-08-18,8,18,84.384,72.096,75.912,0.3,83333.0,4504.066666666667,상,3791.6666666666665
2009-08-19,8,19,84.384,72.096,75.912,4.986111111111111,87412.075,4666.666666666667,상,3245.5333333333333
2009-08-20,8,20,84.384,72.096,75.912,9.672222222222222,89855.61000000002,3935.733333333333,상,3004.266666666667
2009-08-21,8,21,84.384,72.096,75.912,0.8666666666666667,91100.0,4616.0,상,2950.0666666666666
2009-08-22,8,22,84.384,72.096,75.912,0.0,,4354.133333333333,상,2975.6
2009-08-24,8,24,84.384,72.096,75.912,0.25,91929.375,4105.466666666666,상,3165.6666666666665
2009-08-25,8,25,84.384,72.096,75.912,0.15,92040.871,4328.066666666667,상,2967.733333333333
2009-08-26,8,26,84.384,72.096,75.912,0.1,88902.09999999999,4066.3333333333335,상,2846.866666666667
2009-08-27,8,27,84.384,72.096,75.912,3.9,88233.7856,4025.4,상,2457.266666666667
2009-08-28,8,28,84.384,72.096,75.912,10.473333333333333,89821.80799999999,3383.866666666667,상,2568.733333333333
2009-08-29,8,29,84.384,72.096,75.912,1.0857142857142856,,3503.8,상,2538.866666666667
2009-08-31,8,31,84.384,72.096,75.912,0.1666666666666666,86975.0,3259.0,상,2513.6
2009-09-01,9,1,84.459,71.01,75.912,0.1249999999999999,85496.4,3310.733333333333,상,2614.7
2009-09-02,9,2,84.459,71.01,75.912,0.0833333333333333,82830.95,3352.2666666666664,상,2773.133333333333
2009-09-03,9,3,84.459,71.01,75.912,0.0416666666666666,83415.6,3648.3,상,3229.0333333333333
2009-09-04,9,4,84.459,71.01,75.912,0.0,83532.75,4892.2,상,2508.0
2009-09-05,9,5,84.459,71.01,75.912,0.1416666666666666,,2983.2666666666664,상,2483.5
2009-09-07,9,7,84.459,71.01,75.912,0.425,,2998.6,상,2525.666666666667
2009-09-08,9,8,84.459,71.01,75.912,1.4823529411764709,82210.931,2951.866666666667,상,2411.366666666667
2009-09-09,9,9,84.459,71.01,75.912,1.6592497868712703,86023.98,2874.7333333333336,상,2353.766666666667
2009-09-10,9,10,84.459,71.01,75.912,1.8361466325660696,86469.48,2944.1000000000004,상,2413.5666666666666
2009-09-11,9,11,84.459,71.01,75.912,2.0130434782608693,87000.375,2891.8999999999996,상,2525.1666666666665
2009-09-12,9,12,84.459,71.01,75.912,2.230434782608695,,3442.166666666667,상,2666.9333333333334
2009-09-14,9,14,84.459,71.01,75.912,1.4791666666666667,83567.77500000001,3629.6,상,2655.133333333333
2009-09-15,9,15,84.459,71.01,75.912,0.0818181818181818,82364.05,3398.9,상,2769.633333333333
2009-09-16,9,16,84.459,71.01,75.912,0.0545454545454545,83916.8,3509.166666666667,상,2864.7666666666664
2009-09-17,9,17,84.459,71.01,75.912,0.0272727272727272,86244.137,3591.4666666666662,상,2900.133333333333
2009-09-18,9,18,84.459,71.01,75.912,0.0,85851.92,3596.666666666667,상,2987.2
2009-09-19,9,19,84.459,71.01,75.912,0.2013888888888888,,3926.9333333333334,상,2785.1
2009-09-21,9,21,84.459,71.01,75.912,0.6041666666666666,85633.54000000001,3633.466666666667,상,2888.5333333333333
2009-09-22,9,22,84.459,71.01,75.912,0.3,82837.63,4011.166666666667,상,2848.7
2009-09-23,9,23,84.459,71.01,75.912,3.904166666666667,84236.87999999999,3705.166666666667,상,3227.5333333333338
2009-09-24,9,24,84.459,71.01,75.912,0.1,80274.08399999999,4793.299999999999,상,3848.8333333333335
2009-09-25,9,25,84.459,71.01,75.912,0.4599999999999999,77413.152,5041.766666666666,상,3819.5
2009-09-26,9,26,84.459,71.01,75.912,4.775,,5419.0,상,3422.6
2009-09-28,9,28,84.459,71.01,75.912,18.6375,77130.90000000001,4805.033333333334,상,3276.0666666666666
2009-09-29,9,29,84.459,71.01,75.912,0.4333333333333333,78270.393,4547.366666666667,상,2264.166666666667
2009-09-30,9,30,84.459,71.01,75.912,0.8,77950.635,3793.3,상,3091.2333333333336
2009-10-01,10,1,84.235,71.397,75.541,8.142857142857142,81910.40000000001,3428.2,상,3091.2333333333336
2009-10-02,10,2,84.235,71.397,75.541,22.555,81852.22499999999,3428.2,상,3091.2333333333336
2009-10-06,10,6,84.235,71.397,75.541,1.7642857142857142,81993.42000000001,3428.2,상,1957.1333333333337
2009-10-07,10,7,84.235,71.397,75.541,0.1857142857142857,82438.86,2200.0,상,1707.2
2009-10-08,10,8,84.235,71.397,75.541,0.1,81107.59999999999,1785.2,상,1658.8
2009-10-09,10,9,84.235,71.397,75.541,0.0,83581.3976,1987.8666666666663,상,1242.5333333333333
2009-10-10,10,10,84.235,71.397,75.541,0.1666666666666666,,1666.6666666666667,상,1931.4
2009-10-12,10,12,84.235,71.397,75.541,0.5,84670.33679999999,2666.6666666666665,상,1113.4
2009-10-13,10,13,84.235,71.397,75.541,2.52,84893.29740000001,1517.9333333333334,상,1480.8
2009-10-14,10,14,84.235,71.397,75.541,2.370833333333333,87635.76000000001,2711.9333333333334,상,1480.8
2009-10-15,10,15,84.235,71.397,75.541,2.7166666666666663,89515.221,2711.9333333333334,상,1480.8
2009-10-16,10,16,84.235,71.397,75.541,3.0625,92273.904,2711.9333333333334,상,1050.0
2009-10-17,10,17,84.235,71.397,75.541,3.408333333333333,,1333.3333333333333,상,1050.0
2010-08-23,8,23,86.647,86.856,78.181,0.65,86814.76400000001,3300.0,상,2685.3333333333335
2010-08-24,8,24,86.647,86.856,78.181,0.8833333333333333,85917.592,3316.666666666667,상,4770.866666666667
2010-08-25,8,25,86.647,86.856,78.181,24.769565217391307,84600.4684,6350.0,상,3846.6666666666665
2010-08-26,8,26,86.647,86.856,78.181,7.51111111111111,86320.828,5097.633333333333,상,4826.666666666667
2010-08-27,8,27,86.647,86.856,78.181,4.595000000000001,87359.35680000001,5948.333333333334,상,5264.066666666667
2010-08-28,8,28,86.647,86.856,78.181,10.053333333333336,,6811.1,상,5339.066666666667
2010-08-30,8,30,86.647,86.856,78.181,6.875,90665.685,7497.833333333333,상,6185.733333333334
2010-08-31,8,31,86.647,86.856,78.181,12.35,88659.5679,8300.0,상,6373.066666666667
2010-09-01,9,1,87.337,87.918,86.931,9.857142857142858,85057.71,7820.522222222222,상,6798.066666666667
2010-09-02,9,2,87.337,87.918,86.931,37.78846153846154,88462.879,8354.422222222222,상,6095.2
2010-09-03,9,3,87.337,87.918,86.931,0.475,89803.60500000001,7660.455555555555,상,6326.466666666667
2010-09-04,9,4,87.337,87.918,86.931,0.05,,7942.555555555556,상,6008.933333333333
2010-09-06,9,6,87.337,87.918,86.931,40.910714285714285,,6897.2,상,5879.166666666666
2010-09-07,9,7,87.337,87.918,86.931,47.375,88045.5,6550.555555555555,상,6120.333333333333
2010-09-08,9,8,87.337,87.918,86.931,0.1,87132.499,7894.166666666667,상,6232.433333333333
2010-09-09,9,9,87.337,87.918,86.931,0.3833333333333333,87571.7404,7884.555555555556,상,7182.7
2010-09-10,9,10,87.337,87.918,86.931,3.409090909090909,87200.52,8684.466666666667,상,7020.233333333334
2010-09-11,9,11,87.337,87.918,86.931,24.678571428571427,,11312.233333333334,상,6796.5
2010-09-13,9,13,87.337,87.918,86.931,0.6333333333333333,90047.53,11167.933333333332,상,6646.466666666667
2010-09-14,9,14,87.337,87.918,86.931,1.84,90518.0949,10574.766666666666,상,6191.833333333334
2010-09-15,9,15,87.337,87.918,86.931,5.691666666666666,89428.91679999999,9565.866666666669,상,5984.5
2010-09-16,9,16,87.337,87.918,86.931,5.820416666666667,88260.40000000001,9643.366666666669,상,6801.8
2010-09-17,9,17,87.337,87.918,86.931,5.949166666666667,86321.9005,9569.466666666667,상,6589.3
2010-09-18,9,18,87.337,87.918,86.931,6.077916666666666,,9637.666666666668,상,5176.4
2010-09-20,9,20,87.337,87.918,86.931,2.2294117647058824,85239.297,8908.6,상,2917.5
2010-09-25,9,25,87.337,87.918,86.931,0.0,,5453.5,상,1965.9333333333336
2010-09-27,9,27,87.337,87.918,86.931,0.19,88013.9112,3200.0,상,2459.0666666666666
2010-09-28,9,28,87.337,87.918,86.931,0.38,87768.9351,3508.9333333333334,상,2447.133333333333
2010-09-29,9,29,87.337,87.918,86.931,2.6957142857142853,88001.094,3729.133333333333,상,2300.2
2010-09-30,9,30,87.337,87.918,86.931,5.011428571428571,89471.844,3591.4,상,2135.733333333333
2010-10-01,10,1,87.337,89.797,89.098,7.327142857142856,91536.56,3095.0666666666666,상,1960.4666666666667
2010-10-02,10,2,87.337,89.797,89.098,9.642857142857142,,2676.8,상,2027.1333333333337
2010-10-04,10,4,87.337,89.797,89.098,0.7461538461538461,93686.96,2705.866666666667,상,1789.7333333333331
2010-10-05,10,5,87.337,89.797,89.098,0.2875,92627.5395,2109.133333333333,상,1714.8
2010-10-06,10,6,87.337,89.797,89.098,1.1437499999999998,94122.7,2220.866666666667,상,1473.6666666666667
2010-10-07,10,7,87.337,89.797,89.098,2.0,93537.191,1809.1333333333337,상,1606.2
2010-10-08,10,8,87.337,89.797,89.098,7.046428571428572,91413.318,1896.2666666666669,상,1565.6
2010-10-09,10,9,87.337,89.797,89.098,2.15,,1876.8,상,1624.8666666666666
2010-10-11,10,11,87.337,89.797,89.098,0.3,93149.532,1854.7333333333331,상,1557.6
2010-10-12,10,12,87.337,89.797,89.098,3.0,91477.816,1712.2666666666669,상,1500.6
2010-10-13,10,13,87.337,89.797,89.098,1.8,91591.776,1806.8666666666663,상,1257.1333333333334
2010-10-14,10,14,87.337,89.797,89.098,8.5,92456.0455,1316.6666666666667,상,1255.9333333333334
2010-10-15,10,15,87.337,89.797,89.098,4.3,92509.5459,1400.0,상,1389.2666666666669
2010-10-16,10,16,87.337,89.797,89.098,0.1,,1466.6666666666667,상,1548.7333333333331
2010-10-18,10,18,87.337,89.797,89.098,31.5,91340.912,1866.6666666666667,상,1347.4
2010-10-19,10,19,87.337,89.797,89.098,0.5,92356.53,1800.0,상,1444.4666666666667
2010-10-20,10,20,87.337,89.797,89.098,1.5555555555555556,88433.422,1533.3333333333333,상,1444.4666666666667
2011-08-22,8,22,90.707,97.56,97.205,2.4850000000000003,88403.692,4182.4,상,4038.866666666667
2011-08-23,8,23,90.707,97.56,97.205,7.28125,91982.94,4666.666666666667,상,5976.666666666667
2011-08-24,8,24,90.707,97.56,97.205,1.956,92060.982,8095.266666666666,상,6236.133333333333
2011-08-25,8,25,90.707,97.56,97.205,0.3583333333333333,92635.1505,7333.333333333333,상,6494.533333333334
2011-08-26,8,26,90.707,97.56,97.205,0.275,91220.7345,8500.0,상,5717.0
2011-08-27,8,27,90.707,97.56,97.205,1.2,,8591.133333333333,상,6387.3
2011-08-29,8,29,90.707,97.56,97.205,5.122222222222222,92113.735,9190.077777777778,상,5547.1
2011-08-30,8,30,90.707,97.56,97.205,7.083333333333333,94038.246,8990.2,상,5833.099999999999
2011-08-31,8,31,90.707,97.56,97.205,1.75,95151.8035,7209.322222222222,상,5373.833333333333
2011-09-01,9,1,90.62,94.781,102.583,2.517857142857143,94816.878,7872.133333333333,상,5629.5
2011-09-02,9,2,90.62,94.781,102.583,3.2857142857142856,96091.033,8740.666666666666,상,5513.5
2011-09-03,9,3,90.62,94.781,102.583,3.6142857142857134,,7469.444444444445,상,5200.333333333333
2011-09-05,9,5,90.62,94.781,102.583,3.377272727272727,,7319.388888888888,상,4910.0
2011-09-06,9,6,90.62,94.781,102.583,3.28,93757.224,6731.933333333334,상,5252.466666666666
2011-09-07,9,7,90.62,94.781,102.583,1.6445454545454543,93662.2,7522.7555555555555,상,4994.4
2011-09-08,9,8,90.62,94.781,102.583,0.009090909090909,96805.173,6958.455555555556,상,4519.633333333333
2011-09-09,9,9,90.62,94.781,102.583,2.11875,96075.771,6407.855555555555,상,4262.2
2011-09-10,9,10,90.62,94.781,102.583,21.035714285714285,,5579.066666666667,상,4618.066666666667
2011-09-15,9,15,90.62,94.781,102.583,0.0333333333333333,94970.34,6521.933333333333,상,3633.1
2011-09-16,9,16,90.62,94.781,102.583,0.0,95071.459,4687.966666666667,상,4983.566666666667
2011-09-17,9,17,90.62,94.781,102.583,0.4857142857142857,,5876.5,상,2990.633333333333
2011-09-19,9,19,90.62,94.781,102.583,1.136842105263158,93225.6,3636.155555555555,상,2233.9333333333334
2011-09-20,9,20,90.62,94.781,102.583,1.29,91539.776,3113.25,상,2556.833333333333
2011-09-21,9,21,90.62,94.781,102.583,0.35,92643.559,3074.1777777777775,상,2528.8
2011-09-22,9,22,90.62,94.781,102.583,0.3,90950.244,2878.7999999999997,상,2589.8333333333335
2011-09-23,9,23,90.62,94.781,102.583,0.25,85899.36000000002,3213.7999999999997,상,2629.866666666667
2011-09-24,9,24,90.62,94.781,102.583,0.1999999999999999,,2841.488888888889,상,2766.0
2011-09-26,9,26,90.62,94.781,102.583,0.1,85644.85600000001,3155.444444444444,상,2860.5333333333333
2011-09-27,9,27,90.62,94.781,102.583,0.0499999999999999,87753.96,3087.4833333333336,상,2824.733333333333
2011-09-28,9,28,90.62,94.781,102.583,0.0,90230.46,3097.166666666667,상,2871.6666666666665
2011-09-29,9,29,90.62,94.781,102.583,6.857142857142857,88607.92800000001,3031.65,상,2555.6666666666665
2011-09-30,9,30,90.62,94.781,102.583,0.3999999999999999,91646.9775,2825.166666666667,상,2578.4666666666667
2011-10-01,10,1,90.448,94.128,94.797,0.75,,3132.5333333333333,상,2817.2
2011-10-03,10,3,90.448,94.128,94.797,0.375,86977.73199999999,3403.133333333333,상,2774.4666666666667
2011-10-04,10,4,90.448,94.128,94.797,0.1875,85285.32,3666.6666666666665,상,3094.266666666667
2011-10-05,10,5,90.448,94.128,94.797,0.0,89541.47499999999,3720.0,상,2698.4
2011-10-06,10,6,90.448,94.128,94.797,1.5,90980.994,3391.4,상,2970.4
2011-10-07,10,7,90.448,94.128,94.797,3.0,97023.8785,4133.333333333333,상,2263.133333333333
2011-10-08,10,8,90.448,94.128,94.797,4.5,,2438.866666666667,상,1947.6666666666667
2011-10-10,10,10,90.448,94.128,94.797,7.5,97686.375,2466.6666666666665,상,2263.133333333333
2011-10-11,10,11,90.448,94.128,94.797,9.0,100603.23,2438.866666666667,상,1867.5333333333333
2011-10-12,10,12,90.448,94.128,94.797,0.0,100399.68,2112.8,상,1855.5333333333333
2011-10-13,10,13,90.448,94.128,94.797,0.0,99334.128,2000.0,상,2133.3333333333335
2011-10-14,10,14,90.448,94.128,94.797,12.982142857142858,99915.3395,2196.4666666666667,상,2133.3333333333335
2011-10-17,10,17,90.448,94.128,94.797,4.042000000000001,102797.748,2196.4666666666667,상,2604.3333333333335
2011-10-19,10,19,90.448,94.128,94.797,11.646000000000004,106017.912,2746.6666666666665,상,2440.6
2011-10-20,10,20,90.448,94.128,94.797,15.448000000000002,102493.44,2866.6666666666665,상,2145.0666666666666
2012-08-16,8,16,91.855,103.361,106.339,18.310714285714287,107253.3745,2000.0,상,4142.2
2012-08-17,8,17,91.855,103.361,106.339,4.159090909090909,108809.798,5000.0,상,5527.8
2012-08-21,8,21,91.855,103.361,106.339,8.281818181818181,110305.9986,6333.333333333333,상,9372.533333333333
2012-08-22,8,22,91.855,103.361,106.339,39.267857142857146,111407.3256,11333.333333333334,상,6565.333333333333
2012-08-23,8,23,91.855,103.361,106.339,65.17857142857143,111580.721,9666.666666666666,상,7490.933333333333
2012-08-24,8,24,91.855,103.361,106.339,41.910714285714285,109355.6646,9777.8,상,8099.4
2012-08-25,8,25,91.855,103.361,106.339,0.8285714285714285,,12425.266666666666,상,6832.0
2012-08-27,8,27,91.855,103.361,106.339,1.8357142857142856,109973.7254,8305.0,상,7992.6
2012-08-28,8,28,91.855,103.361,106.339,36.80357142857143,108188.5902,9407.4,상,5405.666666666667
2012-08-29,8,29,91.855,103.361,106.339,0.2333333333333333,108286.964,7382.866666666667,상,5444.333333333334
2012-08-30,8,30,91.855,103.361,106.339,30.785714285714285,107887.224,5721.266666666666,상,5423.9
2012-08-31,8,31,91.855,103.361,106.339,2.8588235294117648,107531.775,5590.811111111111,상,4973.633333333333
2012-09-01,9,1,92.512,104.219,117.52,0.8722222222222222,,5288.2444444444445,상,4672.0
2012-09-03,9,3,92.512,104.219,117.52,1.0,,5928.211111111111,상,5550.5
2012-09-04,9,4,92.512,104.219,117.52,7.3538461538461535,108729.1694,5881.188888888889,상,6355.4
2012-09-05,9,5,92.512,104.219,117.52,10.464285714285714,107972.373,6371.333333333333,상,6182.733333333334
2012-09-06,9,6,92.512,104.219,117.52,8.547767857142857,108520.32,6329.533333333333,상,5628.466666666667
2012-09-07,9,7,92.512,104.219,117.52,6.63125,106739.211,6061.11111111111,상,4853.366666666667
2012-09-08,9,8,92.512,104.219,117.52,51.10714285714285,,5851.5,상,4182.066666666667
2012-09-10,9,10,92.512,104.219,117.52,17.564285714285713,108861.876,4580.0,상,4168.933333333333
2012-09-11,9,11,92.512,104.219,117.52,8.782142857142857,108865.474,5256.622222222222,상,4121.333333333334
2012-09-12,9,12,92.512,104.219,117.52,0.0,109497.64149999998,4471.488888888889,상,4461.733333333334
2012-09-13,9,13,92.512,104.219,117.52,5.827999999999999,109590.0273,4964.2555555555555,상,4735.6
2012-09-14,9,14,92.512,104.219,117.52,8.75,111166.5756,5202.822222222222,상,4669.0
2012-09-15,9,15,92.512,104.219,117.52,7.2821428571428575,,5085.011111111111,상,4548.0
2012-09-17,9,17,92.512,104.219,117.52,110.51785714285714,112581.85050000002,5070.366666666667,상,4814.933333333333
2012-09-18,9,18,92.512,104.219,117.52,0.55,109823.876,5598.455555555556,상,4895.833333333333
2012-09-19,9,19,92.512,104.219,117.52,1.0375,107998.2351,5630.7444444444445,상,4913.133333333333
2012-09-20,9,20,92.512,104.219,117.52,1.525,103879.0515,6253.977777777778,상,4950.9
2012-09-21,9,21,92.512,104.219,117.52,2.0125,105204.1944,6329.511111111111,상,5302.366666666667
2012-09-22,9,22,92.512,104.219,117.52,2.5,,7151.733333333334,상,5344.9
2012-09-24,9,24,92.512,104.219,117.52,0.1033333333333333,105736.005,6875.322222222222,상,4451.933333333333
2012-09-25,9,25,92.512,104.219,117.52,0.1066666666666666,104576.1674,5225.888888888889,상,5184.433333333333
2012-09-26,9,26,92.512,104.219,117.52,0.1099999999999999,103110.67059999998,6003.288888888888,상,6047.133333333333
2012-09-27,9,27,92.512,104.219,117.52,0.1133333333333332,102267.824,7455.933333333333,상,5138.533333333333
2012-09-28,9,28,92.512,104.219,117.52,0.1166666666666666,104796.933,5559.655555555556,상,5045.0
2012-09-29,9,29,92.512,104.219,117.52,0.0777777777777777,,5492.388888888888,상,5045.0
2012-10-03,10,3,92.339,106.351,119.768,0.0145454545454545,104084.712,5492.388888888888,상,5287.533333333333
2012-10-04,10,4,92.339,106.351,119.768,0.0218181818181817,99988.161,5419.188888888889,상,4423.0
2012-10-05,10,5,92.339,106.351,119.768,0.029090909090909,103319.3655,4533.333333333333,상,3799.133333333333
2012-10-06,10,6,92.339,106.351,119.768,0.0363636363636363,,4533.333333333333,상,3241.5333333333333
2012-10-08,10,8,92.339,106.351,119.768,0.4000000000000001,101557.455,3887.733333333333,상,3258.4666666666667
2012-10-09,10,9,92.339,106.351,119.768,0.8000000000000002,101176.499,3786.6666666666665,상,2252.4666666666667
2012-10-10,10,10,92.339,106.351,119.768,1.2000000000000002,104119.1004,2666.6666666666665,상,2336.2
2012-10-11,10,11,92.339,106.351,119.768,8.05,102874.0678,2677.8,상,2339.6666666666665
2012-10-12,10,12,92.339,106.351,119.768,6.44,104295.7742,2450.0,상,2533.3333333333335
2012-10-13,10,13,92.339,106.351,119.768,4.83,,2866.6666666666665,상,3044.4666666666667
2012-10-15,10,15,92.339,106.351,119.768,1.6100000000000003,102364.4545,3133.3333333333335,상,2323.0666666666666
2012-10-16,10,16,92.339,106.351,119.768,0.0,102459.216,2761.9333333333334,상,2533.3333333333335
2012-10-17,10,17,92.339,106.351,119.768,1.5666666666666669,103009.896,2533.3333333333335,상,2094.6
2012-10-18,10,18,92.339,106.351,119.768,3.0,102770.2604,2466.6666666666665,상,2094.6
2012-10-19,10,19,92.339,106.351,119.768,6.526785714285714,102952.2624,2466.6666666666665,상,2094.6
2012-10-20,10,20,92.339,106.351,119.768,10.053571428571429,,2466.6666666666665,상,2094.6
2013-08-21,8,21,93.238,101.376,111.701,4.7,118010.9082,6071.4,상,5690.066666666667
2013-08-22,8,22,93.238,101.376,111.701,8.722222222222221,115800.7842,6395.616666666667,상,6328.466666666666
2013-08-23,8,23,93.238,101.376,111.701,28.585714285714285,117584.4022,7365.1,상,5596.4
2013-08-24,8,24,93.238,101.376,111.701,33.44782608695652,,6414.766666666666,상,5872.6
2013-08-26,8,26,93.238,101.376,111.701,0.15,120236.3315,6477.766666666666,상,6317.6
2013-08-27,8,27,93.238,101.376,111.701,2.832142857142857,118970.20320000002,7572.116666666667,상,6391.066666666667
2013-08-28,8,28,93.238,101.376,111.701,5.514285714285714,121858.9384,7637.083333333334,상,6963.933333333333
2013-08-29,8,29,93.238,101.376,111.701,8.196428571428571,122372.3925,7837.033333333334,상,5065.6
2013-08-30,8,30,93.238,101.376,111.701,6.031818181818181,120723.1285,6777.666666666666,상,4550.133333333333
2013-08-31,8,31,93.238,101.376,111.701,3.2066666666666666,,6071.55,상,7444.533333333333
2013-09-02,9,2,93.419,98.295,112.383,2.0,118248.515,7937.111111111112,상,4324.666666666667
2013-09-03,9,3,93.419,98.295,112.383,4.233333333333333,119180.68769999998,6489.9111111111115,상,7389.599999999999
2013-09-04,9,4,93.419,98.295,112.383,1.5,120700.2264,9267.377777777778,상,6793.799999999999
2013-09-05,9,5,93.419,98.295,112.383,3.0839285714285714,120082.2749,8591.355555555556,상,6536.866666666667
2013-09-06,9,6,93.419,98.295,112.383,4.667857142857143,121949.35,8541.0,상,5652.966666666667
2013-09-07,9,7,93.419,98.295,112.383,2.8857142857142857,,6798.7555555555555,상,6088.4
2013-09-09,9,9,93.419,98.295,112.383,1.3047619047619048,123866.496,7893.488888888889,상,6053.700000000001
2013-09-10,9,10,93.419,98.295,112.383,0.5142857142857143,122477.2724,7777.811111111111,상,5939.9
2013-09-11,9,11,93.419,98.295,112.383,8.08,119582.936,7892.099999999999,상,6020.633333333333
2013-09-12,9,12,93.419,98.295,112.383,3.2960000000000003,120083.8002,8512.344444444445,상,6425.1
2013-09-13,9,13,93.419,98.295,112.383,1.1800000000000002,121173.79679999998,9321.055555555557,상,6770.066666666666
2013-09-14,9,14,93.419,98.295,112.383,30.04642857142857,,9647.388888888889,상,6699.966666666667
2013-09-16,9,16,93.419,98.295,112.383,2.5833333333333335,119620.625,8380.844444444445,상,5429.266666666666
2013-09-17,9,17,93.419,98.295,112.383,2.1666666666666665,118058.219,7848.811111111111,상,4611.233333333334
2013-09-18,9,18,93.419,98.295,112.383,1.75,117636.4016,6716.366666666668,상,4250.933333333333
2013-09-23,9,23,93.419,98.295,112.383,0.0,117314.2205,7754.133333333333,상,3230.2
2013-09-24,9,24,93.419,98.295,112.383,1.3,115210.4376,4398.2,상,3020.6
2013-09-25,9,25,93.419,98.295,112.383,0.812,115630.9938,4238.8,상,2955.2
2013-09-26,9,26,93.419,98.295,112.383,0.325,114724.335,4276.8,상,2598.133333333333
2013-09-27,9,27,93.419,98.295,112.383,1.7798913043478262,115095.5731,3547.6666666666665,상,2611.266666666667
2013-09-28,9,28,93.419,98.295,112.383,3.2347826086956526,,3691.8,상,2544.6666666666665
2013-09-30,9,30,93.419,98.295,112.383,15.389285714285714,114857.66,3704.266666666667,상,2273.4
2013-10-01,10,1,93.134,96.007,106.749,4.8,113911.954,2875.4,상,2962.6
2013-10-02,10,2,93.134,96.007,106.749,3.2545454545454544,113128.465,4601.6,상,2471.4666666666667
2013-10-03,10,3,93.134,96.007,106.749,2.16969696969697,116006.3916,3307.0666666666666,상,2359.133333333333
2013-10-04,10,4,93.134,96.007,106.749,1.084848484848485,114601.42,3082.6,상,2297.0
2013-10-05,10,5,93.134,96.007,106.749,0.0,,3028.266666666667,상,2497.266666666667
2013-10-07,10,7,93.134,96.007,106.749,2.08,115118.1255,3872.866666666667,상,2817.6
2013-10-08,10,8,93.134,96.007,106.749,64.72857142857143,114509.6632,4943.2,상,2023.3333333333333
2013-10-09,10,9,93.134,96.007,106.749,2.219047619047619,113747.92879999998,2456.4,상,2235.9333333333334
2013-10-10,10,10,93.134,96.007,106.749,13.592592592592592,111438.591,4882.066666666667,상,2009.6
2013-10-11,10,11,93.134,96.007,106.749,0.953846153846154,112628.71279999998,2346.266666666667,상,1920.2666666666669
2013-10-12,10,12,93.134,96.007,106.749,2.4806020066889634,,2607.4,상,1822.8666666666663
2013-10-14,10,14,93.134,96.007,106.749,5.534113712374582,111298.1778,2179.733333333333,상,2071.2
2013-10-15,10,15,93.134,96.007,106.749,7.060869565217391,111601.699,2133.3333333333335,상,2298.4
2013-10-16,10,16,93.134,96.007,106.749,0.0,109732.22,2880.9333333333334,상,1633.0
2013-10-17,10,17,93.134,96.007,106.749,0.3,110899.90309999998,1941.2,상,1912.6666666666667
2013-10-18,10,18,93.134,96.007,106.749,0.6,109403.0712,2182.2,상,1600.0
2013-10-19,10,19,93.134,96.007,106.749,0.9,,1611.1333333333334,상,2288.866666666667
2013-10-21,10,21,93.134,96.007,106.749,6.8,109004.4286,2400.0,상,1812.6
2013-10-22,10,22,93.134,96.007,106.749,1.7600000000000002,107611.8498,1996.4666666666667,상,1678.8
2013-10-23,10,23,93.134,96.007,106.749,0.3,106145.2348,1822.2,상,1678.8
2013-10-24,10,24,93.134,96.007,106.749,3.5,105120.46,1822.2,상,1700.0
2013-10-25,10,25,93.134,96.007,106.749,1.75,104032.176,1800.0,상,1527.2666666666669
2013-10-26,10,26,93.134,96.007,106.749,0.0,,1700.0,상,1527.2666666666669
2013-10-28,10,28,93.134,96.007,106.749,0.0888888888888888,105402.07799999998,1700.0,상,1527.2666666666669
2013-10-30,10,30,93.134,96.007,106.749,0.15,105039.1995,1700.0,상,1527.2666666666669
2014-08-11,8,11,94.551,89.16,98.746,1.2941176470588236,98588.555,2633.3,상,3500.0
2014-08-12,8,12,94.551,89.16,98.746,1.1361892583120206,98749.912,3383.333333333333,상,3500.0
2014-08-13,8,13,94.551,89.16,98.746,0.9782608695652174,98089.38,3383.333333333333,상,5109.066666666667
2014-08-14,8,14,94.551,89.16,98.746,32.32857142857143,98117.32,5166.666666666666,상,6725.466666666666
2014-08-15,8,15,94.551,89.16,98.746,5.210714285714286,96598.25,5966.666666666667,상,4528.333333333333
2014-08-16,8,16,94.551,89.16,98.746,0.38,,4926.766666666666,상,6059.266666666666
2014-08-18,8,18,94.551,89.16,98.746,97.46428571428572,98299.185,8302.983333333334,상,3976.6
2014-08-19,8,19,94.551,89.16,98.746,19.414285714285715,97467.664,4723.816666666667,상,5052.233333333334
2014-08-20,8,20,94.551,89.16,98.746,30.510714285714283,96191.525,7222.666666666667,상,5254.5
2014-08-21,8,21,94.551,89.16,98.746,36.46785714285714,95331.753,6772.344444444444,상,4524.466666666666
2014-08-22,8,22,94.551,89.16,98.746,0.4499999999999999,95659.8265,5318.216666666667,상,5241.233333333334
2014-08-23,8,23,94.551,89.16,98.746,2.5789999999999997,,6143.688888888889,상,4915.6
2014-08-25,8,25,94.551,89.16,98.746,75.55,95920.851,6022.333333333333,상,4314.933333333333
2014-08-26,8,26,94.551,89.16,98.746,9.659090909090908,96025.428,4585.622222222222,상,4383.633333333333
2014-08-27,8,27,94.551,89.16,98.746,8.866666666666667,97090.696,5777.600000000001,상,4829.466666666667
2014-08-28,8,28,94.551,89.16,98.746,0.9571428571428572,96468.75,6217.288888888889,상,4927.333333333334
2014-08-29,8,29,94.551,89.16,98.746,2.144444444444444,96952.368,6584.477777777778,상,5058.333333333334
2014-08-30,8,30,94.551,89.16,98.746,0.0,,6271.455555555556,상,4645.866666666667
2014-09-01,9,1,94.49,87.738,97.863,0.0,98019.936,5975.011111111111,상,4983.799999999999
2014-09-02,9,2,94.49,87.738,97.863,4.722222222222222,98128.602,6314.655555555556,상,4608.1
2014-09-03,9,3,94.49,87.738,97.863,21.714285714285715,96167.016,5874.766666666666,상,4467.133333333333
2014-09-04,9,4,94.49,87.738,97.863,0.6545454545454545,97627.383,5788.066666666667,상,4535.200000000001
2014-09-05,9,5,94.49,87.738,97.863,0.1,96962.62099999998,5324.644444444445,상,4709.3
2014-09-06,9,6,94.49,87.738,97.863,1.3571428571428572,,5666.144444444445,상,4426.333333333333
2014-09-11,9,11,94.49,87.738,97.863,0.0,94617.207,5560.966666666667,상,4611.733333333334
2014-09-12,9,12,94.49,87.738,97.863,0.0,95906.635,5461.033333333334,상,3124.2333333333336
2014-09-13,9,13,94.49,87.738,97.863,0.825,,3616.3,상,2885.4666666666667
2014-09-15,9,15,94.49,87.738,97.863,0.0545454545454545,95313.0915,3454.3333333333335,상,2737.9666666666662
2014-09-16,9,16,94.49,87.738,97.863,2.3494949494949493,95877.3705,3382.8,상,2471.4333333333334
2014-09-17,9,17,94.49,87.738,97.863,4.644444444444444,98171.6505,3169.5333333333333,상,2431.6666666666665
2014-09-18,9,18,94.49,87.738,97.863,0.0857142857142857,96864.276,3231.7666666666664,상,2732.1
2014-09-19,9,19,94.49,87.738,97.863,0.0,95726.5605,2926.3999999999996,상,2380.2333333333336
2014-09-20,9,20,94.49,87.738,97.863,1.502777777777778,,2755.477777777778,상,2386.0
2014-09-22,9,22,94.49,87.738,97.863,4.508333333333334,94732.995,2559.055555555555,상,2314.1666666666665
2014-09-23,9,23,94.49,87.738,97.863,6.011111111111112,93389.255,2677.4777777777776,상,2702.266666666667
2014-09-24,9,24,94.49,87.738,97.863,83.70714285714287,93664.464,3348.0166666666664,상,2899.266666666667
2014-09-25,9,25,94.49,87.738,97.863,0.1428571428571428,94575.9535,3016.866666666667,상,2609.2
2014-09-26,9,26,94.49,87.738,97.863,0.0,94009.6255,3063.1,상,2530.866666666667
2014-09-27,9,27,94.49,87.738,97.863,0.5246913580246914,,3032.7833333333333,상,2504.866666666667
2014-09-29,9,29,94.49,87.738,97.863,1.5740740740740742,95184.32749999998,2526.2,상,2582.733333333333
2014-09-30,9,30,94.49,87.738,97.863,0.5,96523.971,2266.666666666667,상,2548.4
2014-10-01,10,1,94.205,85.654,94.717,0.1333333333333333,93296.832,2233.333333333333,상,2526.866666666667
2014-10-02,10,2,94.205,85.654,94.717,0.15,92482.208,2233.333333333333,상,2457.5333333333333
2014-10-03,10,3,94.205,85.654,94.717,0.5333333333333333,93033.978,2133.333333333333,상,2418.6666666666665
2014-10-04,10,4,94.205,85.654,94.717,0.525,,2200.0,상,2316.4
2014-10-06,10,6,94.205,85.654,94.717,0.0,91143.481,2166.666666666667,상,1976.3333333333333
2015-09-14,9,14,94.966,87.758,101.914,3.7208333333333337,51909.4238,4965.3,상,5648.2
2015-09-15,9,15,94.966,87.758,101.914,7.341666666666667,52010.54209999999,6285.3,상,5744.8
2015-09-16,9,16,94.966,87.758,101.914,10.9625,53008.3564,6540.15,상,6037.8
2015-09-17,9,17,94.966,87.758,101.914,11.433333333333332,55557.7866,7030.299999999999,상,6183.4
2015-09-18,9,18,94.966,87.758,101.914,0.3999999999999999,55309.0995,7138.2,상,6284.4
2015-09-19,9,19,94.966,87.758,101.914,3.4491666666666667,,7552.349999999999,상,6203.6
2015-09-21,9,21,94.966,87.758,101.914,9.5475,53213.9004,7222.6,상,6298.2
2015-09-22,9,22,94.966,87.758,101.914,12.596666666666668,55078.0875,6905.15,상,6407.0
2015-09-23,9,23,94.966,87.758,101.914,15.645833333333334,55110.8064,6660.05,상,6483.2
2015-09-24,9,24,94.966,87.758,101.914,2.7074074074074077,52872.0228,6986.05,상,5836.2
2015-09-25,9,25,94.966,87.758,101.914,0.3399999999999999,53857.72549999999,6322.8,상,5068.6
2015-09-26,9,26,94.966,87.758,101.914,0.0,,5520.9,상,5068.6
2015-09-30,9,30,94.966,87.758,101.914,0.775,53143.9536,5520.9,상,5068.6
2015-10-01,10,1,94.966,88.477,100.079,37.55357142857143,53291.0954,5460.35,상,5068.6
2015-10-02,10,2,94.966,88.477,100.079,32.25544217687075,53216.4025,5557.45,상,5068.6
2015-10-03,10,3,94.966,88.477,100.079,26.957312925170072,,5462.95,상,5068.6
2015-10-05,10,5,94.966,88.477,100.079,16.36105442176871,54008.51499999999,5206.9,상,5068.6
2015-10-06,10,6,94.966,88.477,100.079,11.06292517006803,54538.17600000001,4982.05,상,5068.6
2015-10-07,10,7,94.966,88.477,100.079,5.764795918367348,58013.55,5185.75,상,5068.6
2015-10-08,10,8,94.966,88.477,100.079,0.4666666666666666,57278.3227,4891.2,상,5068.6
2015-10-09,10,9,94.966,88.477,100.079,0.1,59698.5598,4791.65,상,5068.6
2015-10-10,10,10,94.966,88.477,100.079,1.564,,4613.2,상,5068.6
2015-10-12,10,12,94.966,88.477,100.079,0.11,59596.6723,4604.5,상,3077.4333333333334
2015-10-13,10,13,94.966,88.477,100.079,0.2799999999999999,56711.3778,3411.6222222222223,상,1086.2666666666669
2015-10-14,10,14,94.966,88.477,100.079,0.4499999999999999,55602.1872,1494.4333333333334,상,1641.4666666666667
2015-10-15,10,15,94.966,88.477,100.079,0.62,54746.0004,1766.6666666666663,상,1607.4666666666667
2015-10-16,10,16,94.966,88.477,100.079,0.7899999999999999,55419.088,1933.3333333333337,상,1535.7333333333331
2015-10-17,10,17,94.966,88.477,100.079,0.96,,1608.3333333333337,상,1462.1333333333334
2015-10-19,10,19,94.966,88.477,100.079,1.3,55912.3741,1516.6666666666663,상,1462.1333333333334
2015-10-20,10,20,94.966,88.477,100.079,0.0,54533.37499999999,1516.6666666666663,상,1021.0666666666668
2015-10-21,10,21,94.966,88.477,100.079,0.0,53685.105599999995,1350.0,상,1021.0666666666668
2015-10-22,10,22,94.966,88.477,100.079,0.3666666666666667,52800.2118,1200.0,상,1021.0666666666668
2015-10-23,10,23,94.966,88.477,100.079,0.2083333333333333,53327.47519999999,1200.0,상,1021.0666666666668
2015-10-24,10,24,94.966,88.477,100.079,0.05,,1200.0,상,1021.0666666666668
2015-10-26,10,26,94.966,88.477,100.079,0.0,52723.853,1200.0,상,1021.0666666666668
2016-08-25,8,25,95.677,83.459,81.452,0.1,53202.24,4467.8,상,4344.8
2016-08-26,8,26,95.677,83.459,81.452,8.828571428571427,54119.7513,5425.799999999999,상,4344.8
2016-08-27,8,27,95.677,83.459,81.452,0.2699999999999999,,5816.7,상,4711.2
2016-08-29,8,29,95.677,83.459,81.452,12.52727272727273,53707.5558,5602.9,상,6068.4
2016-08-30,8,30,95.677,83.459,81.452,10.42,53163.9774,7041.950000000001,상,6541.4
2016-08-31,8,31,95.677,83.459,81.452,3.4200000000000004,52017.688,7285.799999999999,상,5905.4
2016-09-01,9,1,96.247,85.314,85.411,5.413636363636363,49864.6785,6026.75,상,6684.6
2016-09-02,9,2,96.247,85.314,85.411,68.25357142857142,48257.31949999999,6789.700000000001,상,6684.6
2016-09-03,9,3,96.247,85.314,85.411,61.35357142857144,,6402.8,상,6302.0
2016-09-05,9,5,96.247,85.314,85.411,3.215384615384615,49297.92319999999,6941.3,상,5529.6
2016-09-06,9,6,96.247,85.314,85.411,0.0,49164.998499999994,5790.4,상,5605.8
2016-09-07,9,7,96.247,85.314,85.411,1.962962962962963,50045.8725,5977.799999999999,상,6191.0
2016-09-08,9,8,96.247,85.314,85.411,4.352380952380953,51096.348,6800.5,상,6556.2
2016-09-09,9,9,96.247,85.314,85.411,2.3857142857142857,52240.448,7066.25,상,5950.4
2016-09-10,9,10,96.247,85.314,85.411,11.058823529411764,,5627.85,상,5331.8
2016-09-12,9,12,96.247,85.314,85.411,11.225,49964.770800000006,6310.7,상,3699.6
2016-09-13,9,13,96.247,85.314,85.411,0.35,50564.668,4366.05,상,5006.4
2016-09-14,9,14,96.247,85.314,85.411,0.15,49642.2,5096.1,상,5252.0
2016-09-19,9,19,96.247,85.314,85.411,0.4941176470588235,47846.4626,4893.4,상,5252.0
2016-09-20,9,20,96.247,85.314,85.411,0.2470588235294117,47793.64690000001,4921.25,상,1711.0
2016-09-21,9,21,96.247,85.314,85.411,0.0,49691.37,2562.65,상,1711.0
2016-09-22,9,22,96.247,85.314,85.411,0.2176470588235294,51264.5626,2645.85,상,1711.0
2016-09-23,9,23,96.247,85.314,85.411,1.0150210084033613,51625.120599999995,2534.3,상,1711.0
2016-09-24,9,24,96.247,85.314,85.411,1.812394957983193,,2290.7,상,1711.0
2016-09-26,9,26,96.247,85.314,85.411,3.407142857142857,50036.4218,2438.9,상,1711.0
2016-09-27,9,27,96.247,85.314,85.411,2.811111111111112,50903.7084,2249.05,상,1711.0
2016-09-28,9,28,96.247,85.314,85.411,14.955555555555556,50492.328,2290.3,상,1711.0
2016-09-29,9,29,96.247,85.314,85.411,3.326923076923077,52868.248,2324.75,상,1711.0
2016-09-30,9,30,96.247,85.314,85.411,14.55925925925926,53502.6624,2365.9,상,1711.0
2016-10-01,10,1,96.379,87.116,88.993,0.912,,2764.8,상,1711.0
2016-10-03,10,3,96.379,87.116,88.993,2.8,53627.052,2198.1,상,1711.0
2016-10-04,10,4,96.379,87.116,88.993,0.5333333333333333,54395.0785,2800.0,상,1711.0
2016-10-05,10,5,96.379,87.116,88.993,90.62142857142858,55008.642,2118.0,상,1711.0
2016-10-06,10,6,96.379,87.116,88.993,0.25,54840.907499999994,2199.25,상,1711.0
2016-10-07,10,7,96.379,87.116,88.993,5.978571428571429,55377.33170000001,2998.3,상,1711.0
2016-10-08,10,8,96.379,87.116,88.993,25.90357142857143,,2035.0,상,1711.0
2016-10-10,10,10,96.379,87.116,88.993,0.0,54065.999,2035.0,상,1711.0
2017-09-11,9,11,98.172,100.151,100.301,77.97142857142856,54213.1278,3551.5,상,3665.6
2017-09-12,9,12,98.172,100.151,100.301,9.2,54660.9516,4025.5,상,4105.6
2017-09-13,9,13,98.172,100.151,100.301,1.0,54894.904,4194.15,상,4091.0
2017-09-14,9,14,98.172,100.151,100.301,0.0,56320.895800000006,4498.65,상,4111.2
2017-09-15,9,15,98.172,100.151,100.301,0.0,56668.369999999995,4657.85,상,4416.2
2017-09-16,9,16,98.172,100.151,100.301,0.5285714285714286,,5103.6,상,3149.6
2017-09-18,9,18,98.172,100.151,100.301,0.0,56764.6935,3778.2,상,4067.6
2017-09-19,9,19,98.172,100.151,100.301,4.425,56517.0858,5457.799999999999,상,4785.8
2017-09-20,9,20,98.172,100.151,100.301,1.3454545454545457,56198.0888,5079.6,상,4876.2
2017-09-21,9,21,98.172,100.151,100.301,1.121212121212121,57223.8256,5622.45,상,6013.4
2017-09-22,9,22,98.172,100.151,100.301,0.8969696969696972,56913.987,5600.0,상,5254.4
2017-09-23,9,23,98.172,100.151,100.301,0.6727272727272728,,5763.75,상,5345.8
2017-09-25,9,25,98.172,100.151,100.301,0.2242424242424243,56684.0596,6116.1,상,4997.4
2017-09-26,9,26,98.172,100.151,100.301,0.0,58609.4612,5363.1,상,5267.2
2017-09-28,9,28,98.172,100.151,100.301,0.5285714285714286,58548.96299999999,6113.200000000001,상,5805.4
2017-09-29,9,29,98.172,100.151,100.301,5.190476190476191,57857.8018,5521.85,상,5790.6
2017-09-30,9,30,98.172,100.151,100.301,9.852380952380951,,5547.3,상,5862.8
2017-10-02,10,2,98.077,97.698,94.285,29.8,58528.259600000005,5862.2,상,4497.2
2017-10-03,10,3,98.077,97.698,94.285,1.984615384615385,57294.1868,5348.7,상,4913.2
2017-10-09,10,9,98.077,97.698,94.285,1.2,55669.244999999995,4765.3,상,4913.2
2017-10-10,10,10,98.077,97.698,94.285,2.4,55926.5895,4177.8,상,4913.2
2017-10-11,10,11,98.077,97.698,94.285,1.2133333333333334,57668.155199999994,4177.8,상,4913.2
2017-10-12,10,12,98.077,97.698,94.285,20.167857142857144,57850.32,4370.5,상,4913.2
2018-02-10,2,10,98.855,103.661,97.501,0.1225,,1600.0,상,3400.0
2018-09-07,9,7,100.221,113.775,114.795,6.1692307692307695,76973.8836,3814.5,상,5931.8
2018-09-08,9,8,100.221,113.775,114.795,0.0,,7797.1,상,12037.8
2018-09-10,9,10,100.221,113.775,114.795,0.4125,76456.877,10581.95,상,12037.8
2018-09-11,9,11,100.221,113.775,114.795,0.0,75593.08200000001,10501.5,상,8189.4
2018-09-12,9,12,100.221,113.775,114.795,0.3571428571428571,78091.5915,8067.65,상,7162.4
2018-09-13,9,13,100.221,113.775,114.795,5.5814814814814815,78477.7472,7764.35,상,7741.4
2018-09-14,9,14,100.221,113.775,114.795,24.139285714285712,76890.71040000001,8135.200000000001,상,7620.0
2018-09-15,9,15,100.221,113.775,114.795,3.878571428571429,,8350.35,상,8120.6
2018-09-17,9,17,100.221,113.775,114.795,0.2666666666666666,77463.534,9948.7,상,5504.4
2018-09-18,9,18,100.221,113.775,114.795,1.0420289855072462,76694.8,4889.2,상,6038.8
2018-09-19,9,19,100.221,113.775,114.795,1.817391304347826,77294.44799999999,7799.5,상,6252.4
2018-09-20,9,20,100.221,113.775,114.795,12.964285714285714,79121.537,6736.65,상,7438.8
2018-09-21,9,21,100.221,113.775,114.795,29.189285714285717,78004.83600000001,9474.65,상,6579.0
2018-09-22,9,22,100.221,113.775,114.795,0.1,,7638.150000000001,상,4736.6
2018-09-27,9,27,100.221,113.775,114.795,0.075,80533.1036,6898.700000000001,상,4381.4
2018-09-28,9,28,100.221,113.775,114.795,0.15,80770.86360000001,4700.7,상,4381.4
2018-09-29,9,29,100.221,113.775,114.795,7.568181818181818,,4636.85,상,4381.4
2018-10-01,10,1,100.041,111.478,105.129,0.6055555555555556,82286.3475,4677.55,상,4381.4
2018-10-02,10,2,100.041,111.478,105.129,0.1,85119.01199999999,4677.55,상,4381.4
2018-10-03,10,3,100.041,111.478,105.129,0.7020833333333333,84855.552,4278.95,상,4381.4
2018-10-04,10,4,100.041,111.478,105.129,1.3041666666666667,85625.55820000001,4247.45,상,4381.4
2018-10-05,10,5,100.041,111.478,105.129,63.82142857142857,83587.0914,3999.4,상,4381.4
2018-10-06,10,6,100.041,111.478,105.129,116.43928571428572,,3946.6,상,4381.4
2018-10-08,10,8,100.041,111.478,105.129,0.3045454545454545,83389.75200000001,3888.45,상,4381.4
2018-10-09,10,9,100.041,111.478,105.129,0.009090909090909,83263.62,4206.55,상,4381.4
2018-10-10,10,10,100.041,111.478,105.129,0.11875,84091.79779999999,4222.9,상,4381.4
2018-10-11,10,11,100.041,111.478,105.129,0.0,81606.5576,3995.85,상,4381.4
2018-10-12,10,12,100.041,111.478,105.129,0.0,79434.2605,3880.95,상,4381.4
2018-10-13,10,13,100.041,111.478,105.129,0.0,,3735.0,상,4381.4
2018-10-15,10,15,100.041,111.478,105.129,1.92,80265.7905,3943.9,상,4381.4
2018-10-16,10,16,100.041,111.478,105.129,2.88,79989.31599999999,3943.9,상,7104.6
2019-09-23,9,23,99.794,95.133,105.091,3.654545454545455,71783.745,3200.0,상,1473.8
2019-09-24,9,24,99.794,95.133,105.091,3.9673796791443854,70399.1616,2048.8999999999996,상,1991.2
2019-09-25,9,25,99.794,95.133,105.091,4.2802139037433165,67928.301,2661.75,상,1991.2
2019-09-26,9,26,99.794,95.133,105.091,4.593048128342247,67609.62779999999,2402.0,상,1991.2
2019-09-27,9,27,99.794,95.133,105.091,4.905882352941177,67412.4743,2580.05,상,1991.2
2019-09-28,9,28,99.794,95.133,105.091,2.5,,2486.1000000000004,상,1991.2
2019-09-30,9,30,99.794,95.133,105.091,0.3125,67367.9754,2630.65,상,1400.0
2019-10-01,10,1,100.041,90.687,88.568,12.542105263157897,64630.110400000005,2043.0,상,1400.0
2019-10-02,10,2,100.041,90.687,88.568,161.17857142857142,63851.76,2065.65,상,1400.0
2019-10-03,10,3,100.041,90.687,88.568,32.464285714285715,62001.175500000005,2138.1,상,1400.0
2019-10-04,10,4,100.041,90.687,88.568,0.275,61964.6958,2158.65,상,1400.0
2019-10-05,10,5,100.041,90.687,88.568,3.1666666666666665,,2161.7,상,1400.0
2019-10-07,10,7,100.041,90.687,88.568,4.371428571428572,62575.697799999994,2350.0,상,1400.0
2019-10-08,10,8,100.041,90.687,88.568,0.0,62937.9018,2283.9,상,1400.0
2019-10-09,10,9,100.041,90.687,88.568,0.0,62839.549499999994,2283.9,상,1400.0
2019-10-10,10,10,100.041,90.687,88.568,0.0,62919.2366,2100.0,상,1400.0
2019-10-11,10,11,100.041,90.687,88.568,0.0,64388.7552,2307.15,상,1400.0
2019-10-12,10,12,100.041,90.687,88.568,0.0333333333333333,,1950.0,상,1400.0
2019-10-14,10,14,100.041,90.687,88.568,5.642857142857143,65634.597,2167.35,상,1400.0
2019-10-15,10,15,100.041,90.687,88.568,2.9166666666666665,64202.3682,2243.75,상,1400.0
2019-10-16,10,16,100.041,90.687,88.568,1.4583333333333333,63528.3432,2350.0,상,1400.0
2019-10-17,10,17,100.041,90.687,88.568,0.0,63741.67100000001,2222.9,상,1400.0
2019-10-18,10,18,100.041,90.687,88.568,10.335714285714284,64858.7781,1798.1,상,1400.0
2019-10-19,10,19,100.041,90.687,88.568,1.2894736842105263,,2198.9,상,1400.0
2019-10-21,10,21,100.041,90.687,88.568,0.4298245614035088,64633.0027,2450.0,상,1400.0
2019-10-22,10,22,100.041,90.687,88.568,0.0,64354.7043,2450.0,상,1400.0
2019-10-24,10,24,100.041,90.687,88.568,7.64375,67185.651,2300.0,상,1400.0
2019-10-25,10,25,100.041,90.687,88.568,3.033333333333333,66852.261,1850.0,상,1400.0
2019-10-26,10,26,100.041,90.687,88.568,0.0666666666666666,,1850.0,상,1400.0
2019-10-28,10,28,100.041,90.687,88.568,9.216666666666669,67828.7445,1850.0,상,1400.0
2019-10-29,10,29,100.041,90.687,88.568,0.0333333333333333,66961.116,1850.0,상,1400.0
2019-10-30,10,30,100.041,90.687,88.568,0.0249999999999999,66552.705,1850.0,상,1400.0
2019-10-31,10,31,100.041,90.687,88.568,0.0166666666666666,65356.254,1850.0,상,1400.0
2019-11-01,11,1,99.481,83.0,88.82,0.0083333333333333,64032.375,1850.0,상,1400.0
2019-11-02,11,2,99.481,83.0,88.82,0.0,,1850.0,상,1400.0
2019-11-04,11,4,99.481,83.0,88.82,0.025,66828.927,1850.0,상,1400.0
2019-11-05,11,5,99.481,83.0,88.82,0.0125,67016.81280000001,1850.0,상,1400.0
2019-11-06,11,6,99.481,83.0,88.82,0.0,67939.56259999999,1850.0,상,1400.0
2019-11-07,11,7,99.481,83.0,88.82,0.55,66440.59449999999,1850.0,상,1400.0
2019-11-08,11,8,99.481,83.0,88.82,3.5,67309.87759999999,1850.0,상,1400.0
2023-08-24,8,24,112.28,142.03,156.22,59.65,105347.44169999998,1850.0,상,8165.2
2023-08-25,8,25,112.28,142.03,156.22,9.168421052631578,104746.3296,10682.1,상,7738.7
2023-08-26,8,26,112.28,142.03,156.22,5.484210526315788,,10026.6,상,7881.8
2023-08-28,8,28,112.28,142.03,156.22,4.6000000000000005,106466.451,10776.4,상,7683.4
2023-08-29,8,29,112.28,142.03,156.22,22.54074074074074,105939.1086,9941.6,상,7807.6
2023-08-30,8,30,112.28,142.03,156.22,54.23214285714285,107645.0309,10034.0,상,7429.1
2023-08-31,8,31,112.28,142.03,156.22,15.592592592592592,107729.62,9430.1,상,7665.2
2023-09-01,9,1,112.85,149.13,165.87,22.87857142857143,110708.5577,9992.4,상,8743.4
2023-09-02,9,2,112.85,149.13,165.87,6.583333333333333,,12095.5,상,8349.9
2023-09-04,9,4,112.85,149.13,165.87,0.7,113188.9325,10087.2,상,7763.1
2023-09-05,9,5,112.85,149.13,165.87,0.35,113462.36460000002,9836.2,상,7513.35
2023-09-06,9,6,112.85,149.13,165.87,0.0,115333.264,9055.5,상,7380.45
2023-09-07,9,7,112.85,149.13,165.87,0.0,116824.7562,9398.7,상,6436.9
2023-09-08,9,8,112.85,149.13,165.87,0.0,115832.2084,7887.8,상,6502.45
2023-09-09,9,9,112.85,149.13,165.87,0.0,,7846.45,상,6502.75
2023-09-11,9,11,112.85,149.13,165.87,9.65,116796.116,7595.4,상,7144.1
2023-09-12,9,12,112.85,149.13,165.87,1.7,115724.3835,10057.35,상,7677.75
2023-09-13,9,13,112.85,149.13,165.87,9.934615384615386,117746.4,10818.25,상,8515.65
2023-09-14,9,14,112.85,149.13,165.87,18.39642857142857,117957.442,12363.3,상,8530.55
2023-09-15,9,15,112.85,149.13,165.87,16.325,120592.9134,13808.6,상,9844.8
2023-09-16,9,16,112.85,149.13,165.87,39.32857142857143,,14346.9,상,9803.7
2023-09-18,9,18,112.85,149.13,165.87,6.033333333333334,121243.104,14316.65,상,10942.9
2023-09-19,9,19,112.85,149.13,165.87,0.0,122103.891,16101.6,상,11454.6
2023-09-20,9,20,112.85,149.13,165.87,56.875,121669.0345,16714.05,상,11983.7
2023-09-21,9,21,112.85,149.13,165.87,15.15,119076.192,17094.65,상,11113.15
2023-09-22,9,22,112.85,149.13,165.87,0.12,120052.2634,15009.75,상,11972.5
2023-09-23,9,23,112.85,149.13,165.87,0.0,,17581.55,상,11410.1
2023-09-25,9,25,112.85,149.13,165.87,1.8695652173913044,120934.95799999998,15755.15,상,10224.1
2023-09-26,9,26,112.85,149.13,165.87,16.303571428571427,120411.3372,15547.5,상,11960.55
2023-09-27,9,27,112.85,149.13,165.87,1.6153846153846154,122586.673,16284.65,상,9661.4
2023-09-28,9,28,112.85,149.13,165.87,0.0,127115.9766,11872.75,상,9098.3
2023-10-02,10,2,113.27,148.47,166.27,0.538888888888889,122847.673,11308.6,상,10068.9
2023-10-03,10,3,113.27,148.47,166.27,0.8777777777777778,120337.6038,12923.3,상,10068.9
2023-10-04,10,4,113.27,148.47,166.27,0.45,121794.511,12923.3,상,7886.8
2023-10-05,10,5,113.27,148.47,166.27,0.65,114222.8475,8971.05,상,7979.3
2023-10-06,10,6,113.27,148.47,166.27,0.5499999999999999,110776.8552,8916.7,상,7750.599999999999
2023-10-07,10,7,113.27,148.47,166.27,0.4499999999999999,,8312.55,상,7708.8
2023-10-09,10,9,113.27,148.47,166.27,0.4071428571428571,114619.4775,8166.7,상,7428.0
2023-10-10,10,10,113.27,148.47,166.27,3.6666666666666665,116479.11810000002,7996.7,상,7255.25
2023-10-11,10,11,113.27,148.47,166.27,3.3633333333333333,115411.6152,8246.5,상,6580.2
2023-10-12,10,12,113.27,148.47,166.27,3.0599999999999996,111449.728,6700.0,상,5838.3
2023-10-13,10,13,113.27,148.47,166.27,2.7566666666666664,112688.394,6000.0,상,5874.2
2023-10-14,10,14,113.27,148.47,166.27,2.453333333333333,,6000.0,상,5952.0
2023-10-16,10,16,113.27,148.47,166.27,0.2,118692.1776,6000.0,상,4151.7
2023-10-17,10,17,113.27,148.47,166.27,0.7152777777777777,117378.645,4500.0,상,4713.0
2023-10-18,10,18,113.27,148.47,166.27,1.2305555555555554,118855.2255,4800.0,상,4552.0
2023-10-19,10,19,113.27,148.47,166.27,1.7458333333333331,119607.5552,4700.0,상,6203.7
2023-10-20,10,20,113.27,148.47,166.27,3.185714285714286,122519.8908,6300.0,상,6203.7
2023-10-21,10,21,113.27,148.47,166.27,0.0125,,6300.0,상,6203.7
2023-10-23,10,23,113.27,148.47,166.27,1.424642857142857,118829.92,6300.0,상,6203.7
2023-10-24,10,24,113.27,148.47,166.27,2.130714285714286,115758.8935,6300.0,상,6203.7
2023-10-25,10,25,113.27,148.47,166.27,2.8367857142857145,112507.81459999998,6300.0,상,6203.7
2023-10-26,10,26,113.27,148.47,166.27,3.542857142857143,115497.07300000002,6300.0,상,6203.7
2023-10-27,10,27,113.27,148.47,166.27,0.7285714285714285,113063.7021,6300.0,상,6203.7
2023-10-28,10,28,113.27,148.47,166.27,0.6244897959183673,,6300.0,상,6203.7
2023-10-30,10,30,113.27,148.47,166.27,0.4163265306122449,115349.25,6300.0,상,6203.7
2023-10-31,10,31,113.27,148.47,166.27,0.3122448979591836,111206.6091,6300.0,상,6203.7
2023-11-01,11,1,112.68,134.68,145.82,0.2081632653061224,110254.662,6300.0,상,6203.7
2024-08-02,8,2,114.54,155.65,182.81,6.0,105248.8666,6300.0,상,4821.4
2024-08-05,8,5,114.54,155.65,182.81,12.685714285714283,101696.6419,9750.0,상,6338.3
2024-08-06,8,6,114.54,155.65,182.81,6.6571428571428575,100312.2204,6925.0,상,9431.0
2024-08-07,8,7,114.54,155.65,182.81,3.86,99655.3176,11500.0,상,4962.0
2024-08-08,8,8,114.54,155.65,182.81,8.164705882352942,103820.3055,6975.0,상,7546.8
2024-08-09,8,9,114.54,155.65,182.81,4.55,104614.923,8882.4,상,7418.2
2024-08-10,8,10,114.54,155.65,182.81,0.0,,9163.2,상,8062.8
2024-08-12,8,12,114.54,155.65,182.81,0.7,105788.8794,9517.9,상,7614.4
2024-08-13,8,13,114.54,155.65,182.81,0.3999999999999999,108860.2506,10841.6,상,6294.0
2024-08-14,8,14,114.54,155.65,182.81,0.1,107886.0809,9807.9,상,6611.9
2024-08-15,8,15,114.54,155.65,182.81,5.855555555555555,105655.1088,9809.7,상,6205.2
2024-08-16,8,16,114.54,155.65,182.81,1.23,106164.728,9319.5,상,6545.4
2024-08-17,8,17,114.54,155.65,182.81,2.0571428571428574,,9022.7,상,6625.9
2024-08-19,8,19,114.54,155.65,182.81,0.2529411764705882,104544.7186,9193.8,상,7085.9
2024-08-20,8,20,114.54,155.65,182.81,13.428571428571429,100361.9736,11539.6,상,7644.0
2024-08-21,8,21,114.54,155.65,182.81,17.562962962962963,97421.432,11680.2,상,7221.3
2024-08-22,8,22,114.54,155.65,182.81,3.669565217391305,95615.8297,12641.7,상,7060.5
2024-08-23,8,23,114.54,155.65,182.81,0.0,97349.0688,11564.0,상,7290.2
2024-08-24,8,24,114.54,155.65,182.81,0.05,,14342.6,상,7291.0
2024-08-26,8,26,114.54,155.65,182.81,4.705263157894737,100836.77,11615.4,상,8363.7
2024-08-27,8,27,114.54,155.65,182.81,5.45909090909091,102273.016,14911.8,상,7847.8
2024-08-28,8,28,114.54,155.65,182.81,1.153333333333333,100645.2375,14588.0,상,7291.8
2024-08-29,8,29,114.54,155.65,182.81,5.950000000000001,98779.8986,13194.2,상,6943.9
2024-08-30,8,30,114.54,155.65,182.81,0.7,101475.3663,10866.5,상,8123.95
2024-08-31,8,31,114.54,155.65,182.81,1.68125,,11049.1,상,7692.65
2024-09-02,9,2,114.65,144.8,157.93,3.64375,97642.61,10216.85,상,7485.35
2024-09-03,9,3,114.65,144.8,157.93,1.5588235294117647,98401.5225,9465.6,상,7234.55
2024-09-04,9,4,114.65,144.8,157.93,0.7794117647058824,94246.1828,8849.6,상,8358.85
2024-09-05,9,5,114.65,144.8,157.93,0.0,92486.5332,10251.6,상,9265.2
2024-09-06,9,6,114.65,144.8,157.93,9.255555555555556,92459.1813,11326.6,상,8095.900000000001
2024-09-07,9,7,114.65,144.8,157.93,2.020833333333333,,10092.65,상,7793.5
2024-09-09,9,9,114.65,144.8,157.93,0.075,91210.4001,9870.45,상,7864.15
2024-09-10,9,10,114.65,144.8,157.93,11.048214285714284,92359.1596,10259.4,상,7412.25
2024-09-11,9,11,114.65,144.8,157.93,22.02142857142857,89100.204,9535.15,상,6715.85
2024-09-12,9,12,114.65,144.8,157.93,18.33888888888889,90288.4481,9207.6,상,6299.35
2024-09-13,9,13,114.65,144.8,157.93,0.04,92689.6492,11602.05,상,5921.8
2024-09-14,9,14,114.65,144.8,157.93,0.025,,11111.7,상,7116.2
2024-09-16,9,16,114.65,144.8,157.93,0.5444444444444445,91984.8748,10086.3,상,4226.5
2024-09-20,9,20,114.65,144.8,157.93,47.525,95798.549,7637.05,상,3156.05
2024-09-21,9,21,114.65,144.8,157.93,160.10714285714286,,5433.4,상,3279.8500000000004
2024-09-23,9,23,114.65,144.8,157.93,0.1,95020.575,7277.5,상,3455.05
2024-09-24,9,24,114.65,144.8,157.93,5.25,94398.0856,5056.95,상,3584.05
2024-09-25,9,25,114.65,144.8,157.93,0.2666666666666666,94857.74760000002,5462.5,상,3500.0
2024-09-26,9,26,114.65,144.8,157.93,,92936.311,4775.25,상,3572.0
